rank,overlap_id,project_id_a,project_name_a,utility_a,project_id_b,project_name_b,utility_b,distance_km,distance_mi,center_distance_mi,tier,can_share,time_gap_days,in_service_a,in_service_b,confidence_a,confidence_b,score
1,OVL_1,DESC_23,Jasper – Okatie 230 kV #2: Construct,Dominion Energy South Carolina,GPC_20277,SAV: MCINTOSH - PURRYSBURG 230KV REACTORS,Georgia Power,4.79,2.98,5.65,Under 8 km,"Share site logistics: laydown yards, deliveries",152,2025-12-31,2026-06-01,high,high,77.2
2,OVL_2,DESC_23,Jasper – Okatie 230 kV #2: Construct,Dominion Energy South Carolina,GPC_20065,SAV: GOSHEN (SAV) - MCINTOSH 115KV LINE REBUILD,Georgia Power,4.79,2.98,7.36,Under 8 km,"Share site logistics: laydown yards, deliveries",517,2025-12-31,2027-06-01,high,high,65.6
3,OVL_3,DESC_31,Hooks - Thurmond 115kV Tie: Rebuild,Dominion Energy South Carolina,GPC_20793,EVANS PRIMARY - THURMOND DAM (USA) #5 115KV REBUILD,Georgia Power,0.0,0.0,4.09,Touching / crossing,"Must coordinate: outage timing, crossing structures",3074,2024-12-31,2033-06-01,high,high,65.0
4,OVL_4,DESC_31,Hooks - Thurmond 115kV Tie: Rebuild,Dominion Energy South Carolina,GPC_20794,EVANS PRIMARY - THURMOND DAM (USA) #6 115KV REBUILD,Georgia Power,0.0,0.0,4.09,Touching / crossing,"Must coordinate: outage timing, crossing structures",3074,2024-12-31,2033-06-01,high,high,65.0
5,OVL_5,DESC_10,Okatie-Bluffton 115kV: Rebuild,Dominion Energy South Carolina,GPC_20277,SAV: MCINTOSH - PURRYSBURG 230KV REACTORS,Georgia Power,13.51,8.4,14.34,Under 40 km,Share crews and equipment,365,2025-06-01,2026-06-01,high,high,53.1
6,OVL_6,DESC_3,"Okatie 230-115kV Substation, Jasper – Yemassee 230kV #1 Fold-in",Dominion Energy South Carolina,GPC_20277,SAV: MCINTOSH - PURRYSBURG 230KV REACTORS,Georgia Power,13.51,8.4,8.42,Under 40 km,Share crews and equipment,517,2024-12-31,2026-06-01,high,high,48.3
7,OVL_7,DESC_23,Jasper – Okatie 230 kV #2: Construct,Dominion Energy South Carolina,GPC_20785,SAV: GOSHEN (SAV) - KRAFT 115KV LINE REBUILD,Georgia Power,14.65,9.11,11.75,Under 40 km,Share crews and equipment,517,2025-12-31,2027-06-01,high,high,47.0
8,OVL_8,DESC_10,Okatie-Bluffton 115kV: Rebuild,Dominion Energy South Carolina,GPC_20067,SAV: DEPTFORD - MAGNOLIA 115KV RECONDUCTOR,Georgia Power,31.77,19.74,19.93,Under 40 km,Share crews and equipment,0,2025-06-01,2025-06-01,high,high,44.3
9,OVL_9,DESC_10,Okatie-Bluffton 115kV: Rebuild,Dominion Energy South Carolina,GPC_20065,SAV: GOSHEN (SAV) - MCINTOSH 115KV LINE REBUILD,Georgia Power,13.51,8.4,14.61,Under 40 km,Share crews and equipment,730,2025-06-01,2027-06-01,high,high,41.5
10,OVL_10,DESC_3,"Okatie 230-115kV Substation, Jasper – Yemassee 230kV #1 Fold-in",Dominion Energy South Carolina,GPC_20065,SAV: GOSHEN (SAV) - MCINTOSH 115KV LINE REBUILD,Georgia Power,13.51,8.4,9.61,Under 40 km,Share crews and equipment,882,2024-12-31,2027-06-01,high,high,36.6
11,OVL_11,DESC_23,Jasper – Okatie 230 kV #2: Construct,Dominion Energy South Carolina,GPC_20066,SAV: BOULEVARD - DEPTFORD 115KV RECONDUCTOR,Georgia Power,34.25,21.28,21.44,Under 40 km,Share crews and equipment,152,2025-12-31,2026-06-01,high,high,36.6
12,OVL_12,DESC_3,"Okatie 230-115kV Substation, Jasper – Yemassee 230kV #1 Fold-in",Dominion Energy South Carolina,GPC_20067,SAV: DEPTFORD - MAGNOLIA 115KV RECONDUCTOR,Georgia Power,35.03,21.77,21.72,Under 40 km,Share crews and equipment,152,2024-12-31,2025-06-01,high,high,35.7
13,OVL_13,DESC_10,Okatie-Bluffton 115kV: Rebuild,Dominion Energy South Carolina,GPC_20785,SAV: GOSHEN (SAV) - KRAFT 115KV LINE REBUILD,Georgia Power,19.1,11.87,14.95,Under 40 km,Share crews and equipment,730,2025-06-01,2027-06-01,high,high,35.2
14,OVL_14,DESC_43,Urquhart – Aiken PSA 46 kV: Rebuild,Dominion Energy South Carolina,GPC_21116,GOSHEN AREA STRATEGIC SOLUTION,Georgia Power,14.98,9.31,9.29,Under 40 km,Share crews and equipment,883,2027-12-31,2030-06-01,high,high,34.9
15,OVL_15,DESC_23,Jasper – Okatie 230 kV #2: Construct,Dominion Energy South Carolina,GPC_20067,SAV: DEPTFORD - MAGNOLIA 115KV RECONDUCTOR,Georgia Power,35.03,21.77,22.37,Under 40 km,Share crews and equipment,213,2025-12-31,2025-06-01,high,high,33.8
16,OVL_16,DESC_14,Stevens Creek - Hooks 115kV/LR Plumb Branch 46kV Rebuilds,Dominion Energy South Carolina,GPC_20793,EVANS PRIMARY - THURMOND DAM (USA) #5 115KV REBUILD,Georgia Power,11.01,6.84,8.01,Under 40 km,Share crews and equipment,3074,2024-12-31,2033-06-01,high,high,32.6
17,OVL_17,DESC_14,Stevens Creek - Hooks 115kV/LR Plumb Branch 46kV Rebuilds,Dominion Energy South Carolina,GPC_20794,EVANS PRIMARY - THURMOND DAM (USA) #6 115KV REBUILD,Georgia Power,11.01,6.84,8.01,Under 40 km,Share crews and equipment,3074,2024-12-31,2033-06-01,high,high,32.6
18,OVL_18,DESC_14,Stevens Creek - Hooks 115kV/LR Plumb Branch 46kV Rebuilds,Dominion Energy South Carolina,GPC_17993,EVANS PRIMARY - THOMSON PRIMARY 115KV REBUILD,Georgia Power,11.01,6.84,14.51,Under 40 km,Share crews and equipment,3652,2024-12-31,2034-12-31,high,high,32.6
19,OVL_19,DESC_15,Stevens Creek - Hooks 115kV/LR Plumb Branch 46kV,Dominion Energy South Carolina,GPC_20793,EVANS PRIMARY - THURMOND DAM (USA) #5 115KV REBUILD,Georgia Power,11.01,6.84,8.01,Under 40 km,Share crews and equipment,2709,2025-12-31,2033-06-01,high,high,32.6
20,OVL_20,DESC_15,Stevens Creek - Hooks 115kV/LR Plumb Branch 46kV,Dominion Energy South Carolina,GPC_20794,EVANS PRIMARY - THURMOND DAM (USA) #6 115KV REBUILD,Georgia Power,11.01,6.84,8.01,Under 40 km,Share crews and equipment,2709,2025-12-31,2033-06-01,high,high,32.6
21,OVL_21,DESC_15,Stevens Creek - Hooks 115kV/LR Plumb Branch 46kV,Dominion Energy South Carolina,GPC_17993,EVANS PRIMARY - THOMSON PRIMARY 115KV REBUILD,Georgia Power,11.01,6.84,14.51,Under 40 km,Share crews and equipment,3287,2025-12-31,2034-12-31,high,high,32.6
22,OVL_22,DESC_10,Okatie-Bluffton 115kV: Rebuild,Dominion Energy South Carolina,GPC_20066,SAV: BOULEVARD - DEPTFORD 115KV RECONDUCTOR,Georgia Power,33.04,20.53,20.52,Under 40 km,Share crews and equipment,365,2025-06-01,2026-06-01,high,high,31.2
23,OVL_23,DESC_3,"Okatie 230-115kV Substation, Jasper – Yemassee 230kV #1 Fold-in",Dominion Energy South Carolina,GPC_20785,SAV: GOSHEN (SAV) - KRAFT 115KV LINE REBUILD,Georgia Power,19.1,11.87,12.63,Under 40 km,Share crews and equipment,882,2024-12-31,2027-06-01,high,high,30.3
24,OVL_24,DESC_31,Hooks - Thurmond 115kV Tie: Rebuild,Dominion Energy South Carolina,GPC_17993,EVANS PRIMARY - THOMSON PRIMARY 115KV REBUILD,Georgia Power,13.21,8.21,12.42,Under 40 km,Share crews and equipment,3652,2024-12-31,2034-12-31,high,high,30.1
25,OVL_25,DESC_35,Urquhart – Toolebeck 115kV line: Rebuild,Dominion Energy South Carolina,GPC_21116,GOSHEN AREA STRATEGIC SOLUTION,Georgia Power,14.98,9.31,16.43,Under 40 km,Share crews and equipment,1389,2026-08-12,2030-06-01,medium,high,25.3
26,OVL_26,DESC_3,"Okatie 230-115kV Substation, Jasper – Yemassee 230kV #1 Fold-in",Dominion Energy South Carolina,GPC_20066,SAV: BOULEVARD - DEPTFORD 115KV RECONDUCTOR,Georgia Power,34.25,21.28,21.25,Under 40 km,Share crews and equipment,517,2024-12-31,2026-06-01,high,high,24.9
27,OVL_27,DESC_23,Jasper – Okatie 230 kV #2: Construct,Dominion Energy South Carolina,GPC_20783,SAV: COLEMAN - DEAN FOREST 115KV LINE REBUILD,Georgia Power,29.62,18.4,18.91,Under 40 km,Share crews and equipment,883,2025-12-31,2028-06-01,high,high,18.5
28,OVL_28,DESC_43,Urquhart – Aiken PSA 46 kV: Rebuild,Dominion Energy South Carolina,GPC_20793,EVANS PRIMARY - THURMOND DAM (USA) #5 115KV REBUILD,Georgia Power,26.94,16.74,19.58,Under 40 km,Share crews and equipment,1979,2027-12-31,2033-06-01,high,high,14.7
29,OVL_29,DESC_43,Urquhart – Aiken PSA 46 kV: Rebuild,Dominion Energy South Carolina,GPC_20794,EVANS PRIMARY - THURMOND DAM (USA) #6 115KV REBUILD,Georgia Power,26.94,16.74,19.58,Under 40 km,Share crews and equipment,1979,2027-12-31,2033-06-01,high,high,14.7
30,OVL_30,DESC_43,Urquhart – Aiken PSA 46 kV: Rebuild,Dominion Energy South Carolina,GPC_17993,EVANS PRIMARY - THOMSON PRIMARY 115KV REBUILD,Georgia Power,26.94,16.74,22.49,Under 40 km,Share crews and equipment,2557,2027-12-31,2034-12-31,high,high,14.7
31,OVL_31,DESC_14,Stevens Creek - Hooks 115kV/LR Plumb Branch 46kV Rebuilds,Dominion Energy South Carolina,GPC_21116,GOSHEN AREA STRATEGIC SOLUTION,Georgia Power,27.61,17.16,17.09,Under 40 km,Share crews and equipment,1978,2024-12-31,2030-06-01,high,high,13.9
32,OVL_32,DESC_15,Stevens Creek - Hooks 115kV/LR Plumb Branch 46kV,Dominion Energy South Carolina,GPC_21116,GOSHEN AREA STRATEGIC SOLUTION,Georgia Power,27.61,17.16,17.09,Under 40 km,Share crews and equipment,1613,2025-12-31,2030-06-01,high,high,13.9
33,OVL_33,DESC_35,Urquhart – Toolebeck 115kV line: Rebuild,Dominion Energy South Carolina,GPC_20793,EVANS PRIMARY - THURMOND DAM (USA) #5 115KV REBUILD,Georgia Power,26.94,16.74,24.06,Under 40 km,Share crews and equipment,2485,2026-08-12,2033-06-01,medium,high,13.2
34,OVL_34,DESC_35,Urquhart – Toolebeck 115kV line: Rebuild,Dominion Energy South Carolina,GPC_20794,EVANS PRIMARY - THURMOND DAM (USA) #6 115KV REBUILD,Georgia Power,26.94,16.74,24.06,Under 40 km,Share crews and equipment,2485,2026-08-12,2033-06-01,medium,high,13.2
35,OVL_35,DESC_35,Urquhart – Toolebeck 115kV line: Rebuild,Dominion Energy South Carolina,GPC_17993,EVANS PRIMARY - THOMSON PRIMARY 115KV REBUILD,Georgia Power,26.94,16.74,28.95,Under 40 km,Share crews and equipment,3063,2026-08-12,2034-12-31,medium,high,13.2
36,OVL_36,DESC_23,Jasper – Okatie 230 kV #2: Construct,Dominion Energy South Carolina,GPC_20407,SAV: MAGNOLIA - TRUMAN PARKWAY 115KV REBUILD,Georgia Power,35.03,21.77,22.37,Under 40 km,Share crews and equipment,883,2025-12-31,2028-06-01,high,high,12.4
37,OVL_37,DESC_23,Jasper – Okatie 230 kV #2: Construct,Dominion Energy South Carolina,GPC_20784,SAV: COLEMAN - MELDRIM 115KV LINE REBUILD,Georgia Power,29.58,18.38,19.61,Under 40 km,Share crews and equipment,2344,2025-12-31,2032-06-01,high,high,11.7
38,OVL_38,DESC_31,Hooks - Thurmond 115kV Tie: Rebuild,Dominion Energy South Carolina,GPC_14222,THOMSON PRIMARY 230/115KV SECOND TRANSFORMER,Georgia Power,30.59,19.0,19.0,Under 40 km,Share crews and equipment,3074,2024-12-31,2033-06-01,high,high,10.6
39,OVL_39,DESC_23,Jasper – Okatie 230 kV #2: Construct,Dominion Energy South Carolina,GPC_21023,SAV: DEAN FOREST - LITTLE OGEECHEE 230 KV REBUILD,Georgia Power,31.07,19.3,22.42,Under 40 km,Share crews and equipment,1248,2025-12-31,2029-06-01,high,high,10.0
40,OVL_40,DESC_3,"Okatie 230-115kV Substation, Jasper – Yemassee 230kV #1 Fold-in",Dominion Energy South Carolina,GPC_20783,SAV: COLEMAN - DEAN FOREST 115KV LINE REBUILD,Georgia Power,31.1,19.32,19.39,Under 40 km,Share crews and equipment,1248,2024-12-31,2028-06-01,high,high,10.0
41,OVL_41,DESC_3,"Okatie 230-115kV Substation, Jasper – Yemassee 230kV #1 Fold-in",Dominion Energy South Carolina,GPC_20784,SAV: COLEMAN - MELDRIM 115KV LINE REBUILD,Georgia Power,31.1,19.32,20.87,Under 40 km,Share crews and equipment,2709,2024-12-31,2032-06-01,high,high,10.0
42,OVL_42,DESC_10,Okatie-Bluffton 115kV: Rebuild,Dominion Energy South Carolina,GPC_20783,SAV: COLEMAN - DEAN FOREST 115KV LINE REBUILD,Georgia Power,31.1,19.32,20.25,Under 40 km,Share crews and equipment,1096,2025-06-01,2028-06-01,high,high,10.0
43,OVL_43,DESC_10,Okatie-Bluffton 115kV: Rebuild,Dominion Energy South Carolina,GPC_20784,SAV: COLEMAN - MELDRIM 115KV LINE REBUILD,Georgia Power,31.1,19.32,23.27,Under 40 km,Share crews and equipment,2557,2025-06-01,2032-06-01,high,high,10.0
44,OVL_44,DESC_10,Okatie-Bluffton 115kV: Rebuild,Dominion Energy South Carolina,GPC_21023,SAV: DEAN FOREST - LITTLE OGEECHEE 230 KV REBUILD,Georgia Power,31.37,19.49,23.19,Under 40 km,Share crews and equipment,1461,2025-06-01,2029-06-01,high,high,9.7
45,OVL_45,DESC_3,"Okatie 230-115kV Substation, Jasper – Yemassee 230kV #1 Fold-in",Dominion Energy South Carolina,GPC_21023,SAV: DEAN FOREST - LITTLE OGEECHEE 230 KV REBUILD,Georgia Power,31.51,19.58,22.78,Under 40 km,Share crews and equipment,1613,2024-12-31,2029-06-01,high,high,9.6
46,OVL_46,DESC_10,Okatie-Bluffton 115kV: Rebuild,Dominion Energy South Carolina,GPC_20407,SAV: MAGNOLIA - TRUMAN PARKWAY 115KV REBUILD,Georgia Power,31.77,19.74,19.93,Under 40 km,Share crews and equipment,1096,2025-06-01,2028-06-01,high,high,9.3
47,OVL_47,DESC_10,Okatie-Bluffton 115kV: Rebuild,Dominion Energy South Carolina,GPC_21006,SAV: BOULEVARD - MAGNOLIA 115 KV LINE REBUILD,Georgia Power,31.77,19.74,20.15,Under 40 km,Share crews and equipment,1461,2025-06-01,2029-06-01,high,high,9.3
48,OVL_48,DESC_23,Jasper – Okatie 230 kV #2: Construct,Dominion Energy South Carolina,GPC_20796,SAV: MELDRIM BANK D REPLACEMENT,Georgia Power,32.23,20.02,21.48,Under 40 km,Share crews and equipment,2709,2025-12-31,2033-06-01,high,high,8.7
49,OVL_49,DESC_3,"Okatie 230-115kV Substation, Jasper – Yemassee 230kV #1 Fold-in",Dominion Energy South Carolina,GPC_21006,SAV: BOULEVARD - MAGNOLIA 115 KV LINE REBUILD,Georgia Power,34.25,21.28,21.41,Under 40 km,Share crews and equipment,1613,2024-12-31,2029-06-01,high,high,6.5
50,OVL_50,DESC_23,Jasper – Okatie 230 kV #2: Construct,Dominion Energy South Carolina,GPC_21006,SAV: BOULEVARD - MAGNOLIA 115 KV LINE REBUILD,Georgia Power,34.25,21.28,21.83,Under 40 km,Share crews and equipment,1248,2025-12-31,2029-06-01,high,high,6.5
51,OVL_51,DESC_3,"Okatie 230-115kV Substation, Jasper – Yemassee 230kV #1 Fold-in",Dominion Energy South Carolina,GPC_20407,SAV: MAGNOLIA - TRUMAN PARKWAY 115KV REBUILD,Georgia Power,35.03,21.77,21.72,Under 40 km,Share crews and equipment,1248,2024-12-31,2028-06-01,high,high,5.6
52,OVL_52,DESC_14,Stevens Creek - Hooks 115kV/LR Plumb Branch 46kV Rebuilds,Dominion Energy South Carolina,GPC_14222,THOMSON PRIMARY 230/115KV SECOND TRANSFORMER,Georgia Power,35.61,22.13,22.21,Under 40 km,Share crews and equipment,3074,2024-12-31,2033-06-01,high,high,4.9
53,OVL_53,DESC_15,Stevens Creek - Hooks 115kV/LR Plumb Branch 46kV,Dominion Energy South Carolina,GPC_14222,THOMSON PRIMARY 230/115KV SECOND TRANSFORMER,Georgia Power,35.61,22.13,22.21,Under 40 km,Share crews and equipment,2709,2025-12-31,2033-06-01,high,high,4.9
54,OVL_54,DESC_3,"Okatie 230-115kV Substation, Jasper – Yemassee 230kV #1 Fold-in",Dominion Energy South Carolina,GPC_20796,SAV: MELDRIM BANK D REPLACEMENT,Georgia Power,37.25,23.15,23.18,Under 40 km,Share crews and equipment,3074,2024-12-31,2033-06-01,high,high,3.1
55,OVL_55,DESC_10,Okatie-Bluffton 115kV: Rebuild,Dominion Energy South Carolina,GPC_20796,SAV: MELDRIM BANK D REPLACEMENT,Georgia Power,37.25,23.15,26.42,Under 40 km,Share crews and equipment,2922,2025-06-01,2033-06-01,high,high,3.1
