project_id,utility,state,project_name,description,need,status,sponsor,zone,in_service_date,est_cost_usd,voltage_kv,source,source_page
DESC_1,Dominion Energy South Carolina,SC,Queensboro - Ft Johnson 115 kV & Queensboro-Bayfront 115kV (Queensboro-James Island Sect),Replace the Queensboro – Ft Johnson 115 kV Line and structures as they have reached the end of life.,This project is required due to address end of life issues.,In Progress,DESC,,2023-12-31,5404301,115.0,"DESC SCRTP project list, ID 6807 B",1
DESC_2,Dominion Energy South Carolina,SC,Union Pier 115-13.8 kV Sub: Tap,Installing a 115 kV Tap to feed the future Union Pier 115 kV Sub.,This project is needed to for load growth in the Charleston area.,Planned,DESC,,2027-12-31,5300000,,"DESC SCRTP project list, ID 0167C-D",2
DESC_3,Dominion Energy South Carolina,SC,"Okatie 230-115kV Substation, Jasper – Yemassee 230kV #1 Fold-in","Expand existing Okatie Transmission sub, add a 230-115 autobank and fold the Jasper – Yemassee 230 kV #1 line into the 230 kV side. Construct two additional 115 kV bus tie lines.",This project is needed to improve system performance and to meet NERC TPL and internal DESC Planning Criteria for reliability.,In Progress,DESC,,2024-12-31,11116933,230.0,"DESC SCRTP project list, ID 0139 M,N",3
DESC_4,Dominion Energy South Carolina,SC,Cainhoy - Hamlin 115kV: Rebuild Line and Cainhoy – Hamlin 115 kV #2: Construct New 115 kV Line,"Upgrade the 954 ACSR portion of the Cainhoy – Hamlin 115 kV line to B795 ACSR conductor, construct a new Cainhoy – Hamlin 115 kV #2 line, add terminals to Cainhoy and Hamlin sub to accommodate upgrades.",This project is required due to load growth in the Mount Pleasant area and to meet NERC TPL and internal DESC Planning criteria.,In Progress,DESC,,2025-12-01,19890850,115.0,"DESC SCRTP project list, ID 6341 A-F",4
DESC_5,Dominion Energy South Carolina,SC,Eastover - Square D 115kV: Rebuild,Replace wooden H-Frame structures with Self Supporting Steel Structures and restring with 1272 ACSR conductor.,This project is required to address end of life and reliability issues on these lines.,In Progress,DESC,,2024-06-01,11700000,115.0,"DESC SCRTP project list, ID 6808 J",5
DESC_6,Dominion Energy South Carolina,SC,Burton-St Helena 115kV: Rebuild Burton-Frogmore Transmission Section,Replace wooden structures with Self Supporting Steel Structures and restring with 1272 ACSR conductor for the Burton – Frogmore Transmission section.,This project is required to address end of life and reliability issues on these lines.,In Progress,DESC,,2024-12-31,8580000,115.0,"DESC SCRTP project list, ID 6808 K",6
DESC_7,Dominion Energy South Carolina,SC,Burton-St Helena 115kV: Frogmore Distribution - St Helena,Replace wooden structures with Self Supporting Steel Structures and upgrade to 795 ACSR for the Frogmore Distribution Tap – St. Helena section.,This project is required to address end of life and reliability issues on these lines.,In Progress,DESC,,2025-12-31,6925000,115.0,"DESC SCRTP project list, ID 6808 L",7
DESC_8,Dominion Energy South Carolina,SC,VCS1-Denny Terrace 230kV & VCS1-Pineland 230kV: Rebuild Single Circuit Sections,Replace wooden H-Frame structures with Self Supporting Steel Structures and restring with standard 1272 ACSR conductor.,This project is required to address end of life and reliability issues on these lines.,In Progress,DESC,,2026-12-31,4912096,230.0,"DESC SCRTP project list, ID 6808 N,O",8
DESC_9,Dominion Energy South Carolina,SC,Wateree-Killian 230kV: Rebuild,Replace wooden H-Frame structures with Self Supporting Steel Structures.,This project is required to address end of life and reliability issues on these lines.,In Progress,DESC,,2028-12-31,48224719,230.0,"DESC SCRTP project list, ID 6808 R",9
DESC_10,Dominion Energy South Carolina,SC,Okatie-Bluffton 115kV: Rebuild,Replace wooden H-Frame structures with Self Supporting Steel Structures and upgrade conductor to standard 1272 ACSR.,This project is required to address end of life and reliability issues on these lines.,In Progress,DESC,,2025-06-01,40660000,115.0,"DESC SCRTP project list, ID 6808 S",10
DESC_11,Dominion Energy South Carolina,SC,Hopkins-CIP 230kV: Rebuild,Replace wooden H-Frame structures with Self Supporting Steel Structures.,This project is required to address end of life and reliability issues on these lines.,Planned,DESC,,2025-12-31,2600000,230.0,"DESC SCRTP project list, ID 6808 U",11
DESC_12,Dominion Energy South Carolina,SC,Faber Place-Bayfront 115kV: Rebuild North Bridge Terrace to Bayfront Section,Replace wooden structures with Self Supporting Steel Structures and upgrade conductor to standard 1272 ACSR.,This project is required to address end of life and reliability issues on these lines.,Planned,DESC,,2028-12-31,10200000,115.0,"DESC SCRTP project list, ID 6808 V",12
DESC_13,Dominion Energy South Carolina,SC,Square D - Hopkins 115kV: Rebuild,Replace wooden H-Frame structures with Self Supporting Steel Structures and restring with 1272 ACSR conductor.,This project is required to address end of life and reliability issues on these lines.,In Progress,DESC,,2024-09-30,4300000,115.0,"DESC SCRTP project list, ID 6808 W",13
DESC_14,Dominion Energy South Carolina,SC,Stevens Creek - Hooks 115kV/LR Plumb Branch 46kV Rebuilds,9.5 miles. Scope includes rebuilding the 115 and 46 kV lines in this corridor SPDC.,This project is required to address end of life and reliability issues on these lines.,In Progress,DESC,,2024-12-31,11745543,115.0,"DESC SCRTP project list, ID 6809 E",14
DESC_15,Dominion Energy South Carolina,SC,Stevens Creek - Hooks 115kV/LR Plumb Branch 46kV,Upgrade 6.5 miles of aging conductor with 1272 ACSR and rebuild with SPDC.,This project is required to address end of life and reliability issues on these lines.,Planned,DESC,,2025-12-31,7800000,115.0,"DESC SCRTP project list, ID 6809 G",15
DESC_16,Dominion Energy South Carolina,SC,"Edenwood Sub: #1 & #2 230-115kV Autobanks, Replace with 336MVA",Replace Autobank 1 and 2 at Edenwood Substation.,This project is required to address end of life and maintenance issues on these transformers.,In Progress,DESC,,2024-12-25,10833462,230.0,"DESC SCRTP project list, ID 6805 G",16
DESC_17,Dominion Energy South Carolina,SC,"Williams St Sub: Replace Sw House & Relays, AM Williams Sub: Replace Sw House, and McMeekin Sub: Add Sw House","Replace switch house, switch house equipment, and relay panels at Williams Street substation. Replace the switch house at AM Williams substation. Add Switching House at McMeekin Substation to move relays from plant relay room.",This project is required to address end of life and maintenance issues on these transformers.,In Progress,DESC,,2028-12-31,9898924,,"DESC SCRTP project list, ID 1060A, I, L",17
DESC_18,Dominion Energy South Carolina,SC,Harleyville 115KV Transmission Tap – Construct (1.4 miles),Extend the 115 kV line from the Blue Circle tap to the Harleyville substation to provide 115 kV service.,Load growth.,Planned,DESC,,2027-03-31,2750000,115.0,"DESC SCRTP project list, ID 06005 B",18
DESC_19,Dominion Energy South Carolina,SC,Summerville: Replace and Spare 230-115kV 336MVA Auto Bank,"Purchase a spare 230/115kV, 336MVA Autobank for the Southern Region to be stored at Summerville 230kV Sub. Include a pad, AC for heaters, and possibly a pit for oil containment.",Spare equipment needs.,In Progress,DESC,,2024-12-31,3982052,230.0,"DESC SCRTP project list, ID 05004 P",19
DESC_20,Dominion Energy South Carolina,SC,Canadys-Ritter 115KV-Rebld SPDC 230/115KV 1272 (Approx 18 Miles),Rebuild Canadys-Ritter 115 kV line as SPDC with 230 kV on one side and 115 kV on the other side.,This project is needed to improve system performance and to meet NERC TPL and internal DESC Planning Criteria for reliability.,In Progress,DESC,,2026-06-01,40000000,115.0,"DESC SCRTP project list, ID 06076A",20
DESC_21,Dominion Energy South Carolina,SC,Yemassee– Ritter 230kV #1 & #2: Construct SPDC with B-1272,Construct Ritter – Yemassee 230kV #1 and #2 SPDC with B1272 ACSR on both sides. Convert the existing Ritter – Yemassee 230 kV to 115 kV operation. Convert and add terminals at Ritter and Yemassee. Add 230 kV bus tie at Ritter and upgrade the Yemassee 230 kV bus tie.,This project is needed to improve system performance and to meet NERC TPL and internal DESC Planning Criteria for reliability.,Planned,DESC,,2026-06-01,40611419,230.0,"DESC SCRTP project list, ID 6359",21
DESC_22,Dominion Energy South Carolina,SC,Riverport Tap: Construct Tap,Construct Okatie – Riverport 230 kV to feed new Distribution substation.,Load growth.,In Progress,DESC,,2025-12-31,34877427,,"DESC SCRTP project list, ID 06367 A - C, H",22
DESC_23,Dominion Energy South Carolina,SC,Jasper – Okatie 230 kV #2: Construct,Construct a 230 kV line with B1272 ACSR from Jasper to Okatie 230/115kV Substation. The line is estimated to be 6.5 miles long. This makes Jasper a Medium Impact substation and will require a new CIP Hut.,This project is needed to improve system performance and to meet NERC TPL and internal DESC Planning Criteria for reliability.,In Progress,DESC,,2025-12-31,23787423,230.0,"DESC SCRTP project list, ID 06367 D - G",23
DESC_24,Dominion Energy South Carolina,SC,Wagener 115kV Tap: Construct Tap,Constructing a 115 kV Tap off the Edmund Switching Station- Owens Corning 115 kV Line to feed new Wagener Distribution substation.,Load growth.,Planned,DESC,,2025-12-31,6005000,115.0,"DESC SCRTP project list, ID 06371 D",24
DESC_25,Dominion Energy South Carolina,SC,Church Creek - Ritter 230kV - Replace 38 Large Angles and Dead Ends,Replace 6.5 miles of aging conductor.,Replacing approximately 38 guyed wooden structures due to recent failures in the fiberglass strain insulators along this line. Structures to be changed out are dead ends/large angles.,In Progress,DESC,,2024-06-01,10850000,230.0,"DESC SCRTP project list, ID 06372 A",25
DESC_26,Dominion Energy South Carolina,SC,VCS2-Ward 230kV: Rebuild Line,Rebuild 40 miles of 230 kV line.,This project is required to address end of life and maintenance issues.,Planned,DESC,,2029-12-31,30000000,230.0,"DESC SCRTP project list, ID 06810 F",26
DESC_27,Dominion Energy South Carolina,SC,Goose Creek Reservoir: Rebuild Transmission Line Crossings,Rebuilding the Williams Goose Creek 230 and 115 kV lines and the Williams - Faber Place 230 kV line across the Goose Creek Reservoir.,This project is required to address end of life and maintenance issues.,In Progress,DESC,,2024-12-31,9655669,,"DESC SCRTP project list, ID 06810 G",27
DESC_28,Dominion Energy South Carolina,SC,Summerville 115kV Loop: Rebuild,Replacing several wood pole sections on the Summerville 115 kV Loop that have reached the end of life.,This project is required to address end of life and maintenance issues.,In Progress,DESC,,2024-12-31,12475000,115.0,"DESC SCRTP project list, ID 06810 H",28
DESC_29,Dominion Energy South Carolina,SC,St George - Sumter 230kV Tie: Rebuild Line from Santee Substation - Duke/Progress Energy Tie,Rebuild Line from Santee Substation - Duke/Progress Energy Tie.,Grid hardening.,Planned,DESC,,2025-12-31,4000000,230.0,"DESC SCRTP project list, ID 6809 M",29
DESC_30,Dominion Energy South Carolina,SC,Coit – Gills Creek 115kV: Construct,Convert the existing Coit - Gills Creek 33 kV Line to 115 kV. Approximately 1.25 miles. Construct Gills Creek Terminal at Coit Bus #1.,Load growth.,In Progress,DESC,,2024-12-31,2509602,115.0,"DESC SCRTP project list, ID 5392 A-C",30
DESC_31,Dominion Energy South Carolina,SC,Hooks - Thurmond 115kV Tie: Rebuild,"Rebuilding section of line between Hooks and Thurmond. Approximately 2.3 miles. The line will be rebuilt on existing R/W using steel poles, 115 kV insulation, and 1272 ACSR conductor.",This project is required to address end of life and reliability issues on these lines.,In Progress,DESC,,2024-12-31,2200080,115.0,"DESC SCRTP project list, ID 6810 A",31
DESC_32,Dominion Energy South Carolina,SC,Batesburg - Saluda County 115kV: Rebuild,Rebuild 13.5 miles of conductor.,Grid hardening.,In Progress,DESC,,2025-12-31,8750000,115.0,"DESC SCRTP project list, ID 6809 N",32
DESC_33,Dominion Energy South Carolina,SC,Scout 230 kV Sub and Fold-in: Construct,Construct 230kV Transmission Line for Scout Customer Substation and modify VCS1 and Killian terminals.,Load growth.,In Progress,DESC,,2026-03-31,23685000,230.0,"DESC SCRTP project list, ID 6853 B-F",33
DESC_34,Dominion Energy South Carolina,SC,Dawson 230kV Sub and Fold-in: Construct and Rebuild,Construct Dawson 230kV substation. Fold in the existing Canadys – Church Creek and Canadys – Faber Place 230kV lines at the Dawson 230kV substation (phase 1). Rebuild Canadys – Dawson 230kV #1 and #2 with B1272 ACSR (phase 2).,Load growth.,In Progress,DESC,,2025-10-01,93538207,230.0,"DESC SCRTP project list, ID 6859",34
DESC_35,Dominion Energy South Carolina,SC,Urquhart – Toolebeck 115kV line: Rebuild,Upgrade the 477 ACSR portions of the Urquhart – Toolebeck 115 kV line to 1272 ACSR. Replace existing structures with Single Pole Double Circuit Structures. Approximately 12.5 miles.,This project is needed to improve system performance and to meet NERC TPL and internal DESC Planning Criteria for reliability.,In Progress,DESC,,2026-08-12,17520000,115.0,"DESC SCRTP project list, ID 6852",35
DESC_36,Dominion Energy South Carolina,SC,Williams-Summerville 230kV: Upgrade to SPDC B1272 ACSR,Rebuild the section of the Williams - Summerville 230 kV line from Ladson Jct to Williams. Line to upgraded to B-1272 and designed for a future second circuit. Approximately 10 miles.,This project is needed to improve system performance and to meet NERC TPL and internal DESC Planning Criteria for reliability.,Planned,DESC,,2027-05-01,19300000,230.0,"DESC SCRTP project list, ID 6388 A",36
DESC_37,Dominion Energy South Carolina,SC,Cainhoy 115 kV Tap: Construct,Construct a 115 kV tap from Cainhoy to Clements Ferry. Approximately 2.8 miles. Construct terminal at Cainhoy.,Load growth.,Planned,DESC,,2027-12-31,21850000,115.0,"DESC SCRTP project list, ID 0147 C, K",37
DESC_38,Dominion Energy South Carolina,SC,Jack Primus 115 kV Tap: Construct,Construct a 115 kV tap from Jack Primus to Clements Ferry. Approximately 2.2 miles. Construct terminals at Jack Primus.,Load growth.,Planned,DESC,,2027-12-31,18000000,115.0,"DESC SCRTP project list, ID 0147 B, J",38
DESC_39,Dominion Energy South Carolina,SC,Church Creek – Faber Place – Charleston Transmission: Add 230kV Line,"Construct a 230 kV transmission line from Church Creek to Charleston Transmission. The Church Creek – Faber Place 230kV and 115kV lines will be rebuilt, and a 230kV line will be added between Faber Place and Charleston Transmission. Add 230/115kV transformer at Charleston Transmission. Add/upgrade terminals and bus work at impacted substations.",This project is needed to improve system performance and to meet NERC TPL and internal DESC Planning Criteria for reliability.,In Progress,DESC,,2027-05-01,34174682,230.0,"DESC SCRTP project list, ID 6847 A-B, D-H",39
DESC_40,Dominion Energy South Carolina,SC,Eastover – Sumter 115kV DEP Tie: Rebuild with 1272 ACSR,Upgrade the DESC section (approx. 1 mile) of the tie line from 397.5 ACSR Ibis to 1272 ACSR.,This project is needed to improve system performance and to meet NERC TPL and internal DESC Planning Criteria for reliability.,Planned,DESC,,2026-05-31,1100000,115.0,"DESC SCRTP project list, ID 6846 A",40
DESC_41,Dominion Energy South Carolina,SC,Cameron Jct – Elloree 46 kV Rebuild,Rebuilding the Cameron Jct – Elloree 46 kV Line. 7.3 miles.,System hardening,Planned,DESC,,2026-12-31,4500000,46.0,"DESC SCRTP project list, ID 6810 U",41
DESC_42,Dominion Energy South Carolina,SC,Elloree – Santee City 46 kV: Rebuild,Rebuilding the 46 kV line between Elloree and Santee City. 7 miles.,System hardening,Planned,DESC,,2027-12-31,4500000,46.0,"DESC SCRTP project list, ID 6810 J",42
DESC_43,Dominion Energy South Carolina,SC,Urquhart – Aiken PSA 46 kV: Rebuild,Rebuilding the section of 46 kV line from Urquhart to the Aiken PSA tap point. TBD if the scope of this project includes rebuilding the actual tap Aiken PSA. 4.5 miles.,System hardening,Planned,DESC,,2027-12-31,3000000,46.0,"DESC SCRTP project list, ID 6810 O",43
DESC_44,Dominion Energy South Carolina,SC,Cameron Jct – Cameron – St Matthews 46 kV Rebuild,Rebuilding the 46 kV line between Cameron Jct and St Matthews. 9.8 miles.,System hardening.,Planned,DESC,,2028-12-31,5900000,46.0,"DESC SCRTP project list, ID 6810 T",44
GPC_19523,Georgia Power,GA,SAV: CC - HYUNDAI MOTORS SAVANNAH AKA. PROJECT EA,,,Planned,SAV,219,2025-01-01,,,"GA ITS 10-Year Plan (GPC 2025 IRP Vol. 3), TEAMS #19523",177
GPC_18670,Georgia Power,GA,GTC: BANKS CROSSING - POND FORK 115 KV,,,Planned,GTC,212,2025-05-01,,115.0,"GA ITS 10-Year Plan (GPC 2025 IRP Vol. 3), TEAMS #18670",177
GPC_18492,Georgia Power,GA,MITCHELL - NORTH TIFTON 230KV RECONDUCTOR,,,Planned,GPC,216,2025-05-01,,230.0,"GA ITS 10-Year Plan (GPC 2025 IRP Vol. 3), TEAMS #18492",177
GPC_19676,Georgia Power,GA,ADAMSVILLE - JACK MCDONOUGH 230KV LINE REBUILD,,,Planned,GPC,206,2025-06-01,,230.0,"GA ITS 10-Year Plan (GPC 2025 IRP Vol. 3), TEAMS #19676",177
GPC_18800,Georgia Power,GA,ECHECONNEE-WELLSTON 115KV REBUILD,,,Planned,GPC,214,2025-06-01,,115.0,"GA ITS 10-Year Plan (GPC 2025 IRP Vol. 3), TEAMS #18800",177
GPC_19187,Georgia Power,GA,GRID - BREMEN - CROOKED CREEK (APC) 115 KV PROJECT,,,Planned,GPC,211,2025-06-01,,115.0,"GA ITS 10-Year Plan (GPC 2025 IRP Vol. 3), TEAMS #19187",177
GPC_18153,Georgia Power,GA,GTC: BONAIRE PRI- ECHECONNEE 115 KV PARTIAL REBUILD,,,Planned,GTC,214,2025-06-01,,115.0,"GA ITS 10-Year Plan (GPC 2025 IRP Vol. 3), TEAMS #18153",177
GPC_20342,Georgia Power,GA,GTC: CAMDEN INDUSTRIAL PARK 230/115KV NEW SUBSTATION,,,Planned,GTC,218,2025-06-01,,115.0,"GA ITS 10-Year Plan (GPC 2025 IRP Vol. 3), TEAMS #20342",177
GPC_20590,Georgia Power,GA,GTC: EATONTON PRIMARY - LICK CREEK 115KV LINE SWITCH REPLACEMENT,,,Planned,GTC,214,2025-06-01,,115.0,"GA ITS 10-Year Plan (GPC 2025 IRP Vol. 3), TEAMS #20590",177
GPC_11821,Georgia Power,GA,JESUP - LUDOWICI PRIMARY 115KV REBUILD,,,Planned,GPC,218,2025-06-01,,115.0,"GA ITS 10-Year Plan (GPC 2025 IRP Vol. 3), TEAMS #11821",177
GPC_13753,Georgia Power,GA,MEAG: ALCOVY ROAD - SKC 115 KV RECONDUCTOR,,,Planned,MEAG,206,2025-06-01,,115.0,"GA ITS 10-Year Plan (GPC 2025 IRP Vol. 3), TEAMS #13753",177
GPC_13787,Georgia Power,GA,MEAG: AULTMAN ROAD - BONAIRE PRIMARY 115 KV REBUILD,,,Planned,MEAG,214,2025-06-01,,115.0,"GA ITS 10-Year Plan (GPC 2025 IRP Vol. 3), TEAMS #13787",177
GPC_20464,Georgia Power,GA,NORCROSS 230KV BUS 1-3 SERIES BUS TIE BREAKER INSTALLATION,,,Planned,GPC,202,2025-06-01,,230.0,"GA ITS 10-Year Plan (GPC 2025 IRP Vol. 3), TEAMS #20464",177
GPC_19631,Georgia Power,GA,PINE GROVE PRIMARY 115 KV DUAL STAGE CAPACITOR BANK,,,Planned,GPC,216,2025-06-01,,115.0,"GA ITS 10-Year Plan (GPC 2025 IRP Vol. 3), TEAMS #19631",178
GPC_20067,Georgia Power,GA,SAV: DEPTFORD - MAGNOLIA 115KV RECONDUCTOR,,,Planned,SAV,219,2025-06-01,,115.0,"GA ITS 10-Year Plan (GPC 2025 IRP Vol. 3), TEAMS #20067",178
GPC_20466,Georgia Power,GA,SMART VALVE INSTALLATION,,,Planned,GPC,214,2025-06-01,,,"GA ITS 10-Year Plan (GPC 2025 IRP Vol. 3), TEAMS #20466",178
GPC_21046,Georgia Power,GA,THALMANN AND COLERAIN 23O KV LINE RELAY PANEL UPGRADES,,,Planned,GPC,218,2025-06-01,,,"GA ITS 10-Year Plan (GPC 2025 IRP Vol. 3), TEAMS #21046",178
GPC_20431,Georgia Power,GA,VILLA RICA LOW SIDE BREAKER,,,Planned,GPC,211,2025-06-01,,,"GA ITS 10-Year Plan (GPC 2025 IRP Vol. 3), TEAMS #20431",178
GPC_20684,Georgia Power,GA,CAMDEN INDUSTRIAL PARK (GPC),,,Planned,GPC,218,2025-06-01,,,"GA ITS 10-Year Plan (GPC 2025 IRP Vol. 3), TEAMS #20684",178
GPC_18774,Georgia Power,GA,GTC: HEARD COUNTY - TENASKA 500KV (SECOND LINE),,,Planned,GTC,213,2025-12-01,,500.0,"GA ITS 10-Year Plan (GPC 2025 IRP Vol. 3), TEAMS #18774",178
GPC_18889,Georgia Power,GA,JEFFERSON STREET#3 - NORTHWEST (WHITE) 115 KV RECONDUCTOR,,,Planned,GPC,206,2025-12-01,,115.0,"GA ITS 10-Year Plan (GPC 2025 IRP Vol. 3), TEAMS #18889",178
GPC_20326,Georgia Power,GA,ANTHONY SHOALS STATCOM SYSTEM,,,Planned,GPC,212,2025-12-31,,,"GA ITS 10-Year Plan (GPC 2025 IRP Vol. 3), TEAMS #20326",178
GPC_20152,Georgia Power,GA,CC - CASS PINE- HILL VIEW 230 KV LINE- CC IMPROVEMENTS,,,Planned,GPC,211,2025-12-31,,230.0,"GA ITS 10-Year Plan (GPC 2025 IRP Vol. 3), TEAMS #20152",178
GPC_20175,Georgia Power,GA,CC - PROJECT CHRONOS- SK/HYUNDAI,,,Planned,GPC,211,2025-12-31,,,"GA ITS 10-Year Plan (GPC 2025 IRP Vol. 3), TEAMS #20175",178
GPC_20010,Georgia Power,GA,GTC: ANTHONY SHOALS - WASHINGTON 115 KV LINE REBUILD,,,Planned,GTC,215,2025-12-31,,115.0,"GA ITS 10-Year Plan (GPC 2025 IRP Vol. 3), TEAMS #20010",178
GPC_17075,Georgia Power,GA,SAV: LITTLE OGEECHEE 230- 115KV: RELAY MODERNIZATION,,,Planned,SAV,219,2025-12-31,,230.0,"GA ITS 10-Year Plan (GPC 2025 IRP Vol. 3), TEAMS #17075",178
GPC_18691,Georgia Power,GA,GTC: LIZARD LOPE - WESTOVER 115 KV NEW LINE,,,Planned,GTC,216,2026-03-01,,115.0,"GA ITS 10-Year Plan (GPC 2025 IRP Vol. 3), TEAMS #18691",178
GPC_20018,Georgia Power,GA,CC - QTS FAYETTEVILLE TRANSMISSION NEEDS,,,Planned,GPC,208,2026-04-01,,,"GA ITS 10-Year Plan (GPC 2025 IRP Vol. 3), TEAMS #20018",178
GPC_19597,Georgia Power,GA,ADAMSVILLE - BUZZARD ROOST 230KV REBUILD AND JUMPER UPGRADE,,,Planned,GPC,208,2026-06-01,,230.0,"GA ITS 10-Year Plan (GPC 2025 IRP Vol. 3), TEAMS #19597",179
GPC_18960,Georgia Power,GA,BLANKETS CREEK – WOODSTOCK 115KV LINE REBUILD,,,Planned,GPC,201,2026-06-01,,115.0,"GA ITS 10-Year Plan (GPC 2025 IRP Vol. 3), TEAMS #18960",179
GPC_20243,Georgia Power,GA,CC - GARRETT ROAD SWITCHING STATION - TRAE LANE,,,Planned,GPC,201,2026-06-01,,,"GA ITS 10-Year Plan (GPC 2025 IRP Vol. 3), TEAMS #20243",179
GPC_20216,Georgia Power,GA,CC - STONEWALL TELL ROAD (TA REALTY),,,Planned,GPC,208,2026-06-01,,,"GA ITS 10-Year Plan (GPC 2025 IRP Vol. 3), TEAMS #20216",179
GPC_18679,Georgia Power,GA,DU: EAST DALTON - OOSTANAULA 115KV REBUILD,,,Planned,DU,211,2026-06-01,,115.0,"GA ITS 10-Year Plan (GPC 2025 IRP Vol. 3), TEAMS #18679",179
GPC_20491,Georgia Power,GA,EAST POINT RELAY MODERNIZATION,,,Planned,GPC,208,2026-06-01,,,"GA ITS 10-Year Plan (GPC 2025 IRP Vol. 3), TEAMS #20491",179
GPC_16007,Georgia Power,GA,FENWICK STREET - SAND BAR FERRY 115KV (RECONDUCTOR/REBUILD),,,Planned,GPC,215,2026-06-01,,115.0,"GA ITS 10-Year Plan (GPC 2025 IRP Vol. 3), TEAMS #16007",179
GPC_20516,Georgia Power,GA,"GOAT ROCK 230KV SWITCH, JUMPER, & LINE TRAP REPLACEMENT",,,Planned,GPC,213,2026-06-01,,230.0,"GA ITS 10-Year Plan (GPC 2025 IRP Vol. 3), TEAMS #20516",179
GPC_19618,Georgia Power,GA,GORDON-N DUBLIN 115KV (GORDON-ENGL MCI J) REBUILD,,,Planned,GPC,214,2026-06-01,,115.0,"GA ITS 10-Year Plan (GPC 2025 IRP Vol. 3), TEAMS #19618",179
GPC_21139,Georgia Power,GA,GRADY - MORROW (WHITE) 115KV REBUILD,,,Planned,GPC,206,2026-06-01,,115.0,"GA ITS 10-Year Plan (GPC 2025 IRP Vol. 3), TEAMS #21139",179
GPC_20474,Georgia Power,GA,GRADY 230/115KV RELAY MODERNIZATION,,,Planned,GPC,206,2026-06-01,,115.0,"GA ITS 10-Year Plan (GPC 2025 IRP Vol. 3), TEAMS #20474",179
GPC_19706,Georgia Power,GA,GRID - GAINESVILLE #2 EQUIPMENT REPLACEMENT,,,Planned,GPC,212,2026-06-01,,,"GA ITS 10-Year Plan (GPC 2025 IRP Vol. 3), TEAMS #19706",179
GPC_21137,Georgia Power,GA,GTC: CONYERS - CORNISH MOUNTAIN 115KV LINE UPGRADE,,,Planned,GTC,206,2026-06-01,,115.0,"GA ITS 10-Year Plan (GPC 2025 IRP Vol. 3), TEAMS #21137",179
GPC_19334,Georgia Power,GA,GTC: LAGRANGE - NORTH OPELIKA 230 KV,,,Planned,GTC,213,2026-06-01,,230.0,"GA ITS 10-Year Plan (GPC 2025 IRP Vol. 3), TEAMS #19334",179
GPC_20015,Georgia Power,GA,GTC: MORNING HORNET 2ND 230/115 KV BANK & THUMBS UP 115KV TL,,,Planned,GTC,212,2026-06-01,,115.0,"GA ITS 10-Year Plan (GPC 2025 IRP Vol. 3), TEAMS #20015",179
GPC_19999,Georgia Power,GA,GTC: ROBINS SPRING BUS REPLACEMENT,,,Planned,GTC,214,2026-06-01,,,"GA ITS 10-Year Plan (GPC 2025 IRP Vol. 3), TEAMS #19999",180
GPC_20001,Georgia Power,GA,GTC: ROBINS SPRING CAPACITOR BANK INSTALLATION,,,Planned,GTC,214,2026-06-01,,,"GA ITS 10-Year Plan (GPC 2025 IRP Vol. 3), TEAMS #20001",180
GPC_19636,Georgia Power,GA,HAMMOND - WEISS DAM 115KV LINE REBUILD,,,Planned,GPC,211,2026-06-01,,115.0,"GA ITS 10-Year Plan (GPC 2025 IRP Vol. 3), TEAMS #19636",180
GPC_20512,Georgia Power,GA,KATHLEEN AREA IMPROVEMENTS,,,Planned,GPC,214,2026-06-01,,,"GA ITS 10-Year Plan (GPC 2025 IRP Vol. 3), TEAMS #20512",180
GPC_20490,Georgia Power,GA,KLONDIKE RELAY MODERNIZATION,,,Planned,GPC,206,2026-06-01,,,"GA ITS 10-Year Plan (GPC 2025 IRP Vol. 3), TEAMS #20490",180
GPC_19598,Georgia Power,GA,MEAG: DRESDEN - LAGRANGE PRIMARY 230KV UPGRADE & JUMPERS,,,Planned,MEAG,213,2026-06-01,,230.0,"GA ITS 10-Year Plan (GPC 2025 IRP Vol. 3), TEAMS #19598",180
GPC_20270,Georgia Power,GA,MEAG: RAY PLACE RD - WASHINGTON #3,,,Planned,MEAG,215,2026-06-01,,,"GA ITS 10-Year Plan (GPC 2025 IRP Vol. 3), TEAMS #20270",180
GPC_20271,Georgia Power,GA,MEAG: RAY PLACE RD - WASHINGTON (WASHINGTON - WASHINGTON 3),,,Planned,MEAG,215,2026-06-01,,,"GA ITS 10-Year Plan (GPC 2025 IRP Vol. 3), TEAMS #20271",180
GPC_20300,Georgia Power,GA,MORROW 115KV RELAY UPGRADE,,,Planned,GPC,208,2026-06-01,,115.0,"GA ITS 10-Year Plan (GPC 2025 IRP Vol. 3), TEAMS #20300",180
GPC_18690,Georgia Power,GA,PALMYRA REACTOR REMOVAL,,,Planned,GPC,216,2026-06-01,,,"GA ITS 10-Year Plan (GPC 2025 IRP Vol. 3), TEAMS #18690",180
GPC_20066,Georgia Power,GA,SAV: BOULEVARD - DEPTFORD 115KV RECONDUCTOR,,,Planned,SAV,219,2026-06-01,,115.0,"GA ITS 10-Year Plan (GPC 2025 IRP Vol. 3), TEAMS #20066",180
GPC_19966,Georgia Power,GA,SAV: CC - BIG OGEECHEE 500/230KV (CC NETWORK IMPROVEMENTS),,,Planned,SAV,219,2026-06-01,,230.0,"GA ITS 10-Year Plan (GPC 2025 IRP Vol. 3), TEAMS #19966",180
GPC_20277,Georgia Power,GA,SAV: MCINTOSH - PURRYSBURG 230KV REACTORS,,,Planned,SAV,219,2026-06-01,,230.0,"GA ITS 10-Year Plan (GPC 2025 IRP Vol. 3), TEAMS #20277",180
GPC_20489,Georgia Power,GA,SCOTTDALE RELAY MODERNIZATION,,,Planned,GPC,206,2026-06-01,,,"GA ITS 10-Year Plan (GPC 2025 IRP Vol. 3), TEAMS #20489",180
GPC_17900,Georgia Power,GA,UNION CITY - YATES 230 KV WHITE LINE REBUILD,,,Planned,GPC,208,2026-04-01,,230.0,"GA ITS 10-Year Plan (GPC 2025 IRP Vol. 3), TEAMS #17900",180
GPC_20691,Georgia Power,GA,UNION CITY - YATES 230KV (WHITE) SWITCH AND TRAP REPLACEMENT,,,Planned,GPC,208,2026-06-01,,230.0,"GA ITS 10-Year Plan (GPC 2025 IRP Vol. 3), TEAMS #20691",181
GPC_20223,Georgia Power,GA,CC - PROJECT PAYTON BAINBRIDGE,,,Planned,GPC,216,2026-06-30,,,"GA ITS 10-Year Plan (GPC 2025 IRP Vol. 3), TEAMS #20223",181
GPC_21022,Georgia Power,GA,OHARA BREAKER REPLACEMENT,,,Planned,GPC,208,2026-10-01,,,"GA ITS 10-Year Plan (GPC 2025 IRP Vol. 3), TEAMS #21022",181
GPC_20668,Georgia Power,GA,DRESDEN LINE PROTECTIVE RELAYING,,,Planned,GPC,208,2026-12-01,,,"GA ITS 10-Year Plan (GPC 2025 IRP Vol. 3), TEAMS #20668",181
GPC_20874,Georgia Power,GA,GTC: BARNESVILLE PRIMARY- BARNESVILLE #1 115KV RECONDUCTOR,,,Planned,GTC,213,2026-12-01,,115.0,"GA ITS 10-Year Plan (GPC 2025 IRP Vol. 3), TEAMS #20874",181
GPC_20273,Georgia Power,GA,GTC: DRESDEN 500KV BUS EXPANSION,,,Planned,GTC,208,2026-12-01,,500.0,"GA ITS 10-Year Plan (GPC 2025 IRP Vol. 3), TEAMS #20273",181
GPC_20002,Georgia Power,GA,GTC: GORDON - SANDERSVILLE #1 115KV LINE REBUILD,,,Planned,GTC,214,2026-12-01,,115.0,"GA ITS 10-Year Plan (GPC 2025 IRP Vol. 3), TEAMS #20002",181
GPC_20151,Georgia Power,GA,CC - CASS PINE 230/25 NEW SUB - QCELLS - CC IMPROVEMENTS,,,Planned,GPC,211,2026-12-31,,,"GA ITS 10-Year Plan (GPC 2025 IRP Vol. 3), TEAMS #20151",181
GPC_19287,Georgia Power,GA,GRADY-WEST END 115KV REBUILD,,,Planned,GPC,206,2026-12-31,,115.0,"GA ITS 10-Year Plan (GPC 2025 IRP Vol. 3), TEAMS #19287",181
GPC_19363,Georgia Power,GA,MORROW - MOUNTAIN VIEW 115 KV REBUILD,,,Planned,GPC,208,2026-12-31,,115.0,"GA ITS 10-Year Plan (GPC 2025 IRP Vol. 3), TEAMS #19363",181
GPC_18832,Georgia Power,GA,MEAG: FORTSON 230KV SUBSTATION MODERNIZATION,,,Planned,MEAG,213,2027-01-13,,230.0,"GA ITS 10-Year Plan (GPC 2025 IRP Vol. 3), TEAMS #18832",181
GPC_20509,Georgia Power,GA,CC - EMBLEM RIVERSIDE CUSTOMER SUB (FLEXENTIAL),,,Planned,GPC,201,2027-03-01,,,"GA ITS 10-Year Plan (GPC 2025 IRP Vol. 3), TEAMS #20509",181
GPC_19635,Georgia Power,GA,GTC: HICKORY LEVEL - VILLA RICA 230KV LINE RECONDUCTOR,,,Planned,GTC,211,2027-05-01,,230.0,"GA ITS 10-Year Plan (GPC 2025 IRP Vol. 3), TEAMS #19635",181
GPC_19601,Georgia Power,GA,MORROW - YATES COMMON 115KV LINE UPGRADE,,,Planned,GPC,208,2027-05-01,,115.0,"GA ITS 10-Year Plan (GPC 2025 IRP Vol. 3), TEAMS #19601",181
GPC_15879,Georgia Power,GA,POSSUM BRANCH - YATES COMMON 115KV REBUILD (YATES TO CLEM),,,Planned,GPC,211,2027-05-01,,115.0,"GA ITS 10-Year Plan (GPC 2025 IRP Vol. 3), TEAMS #15879",181
GPC_20771,Georgia Power,GA,CC - GULLATT ROAD TRANSMISSION IMPROVEMENTS,,,Planned,GPC,208,2027-06-01,,,"GA ITS 10-Year Plan (GPC 2025 IRP Vol. 3), TEAMS #20771",182
GPC_18736,Georgia Power,GA,CC - MICROSOFT - SHUGART (CCO06),,,Planned,GPC,208,2027-06-01,,,"GA ITS 10-Year Plan (GPC 2025 IRP Vol. 3), TEAMS #18736",182
GPC_20781,Georgia Power,GA,CC - SUMMER LAKE - VILLA RICA 230KV REBUILD (CC IMPROVMNT),,,Planned,GPC,201,2027-06-01,,230.0,"GA ITS 10-Year Plan (GPC 2025 IRP Vol. 3), TEAMS #20781",182
GPC_20736,Georgia Power,GA,CC - TA REALTY ELLENWOOD NETWORK IMPROVEMENTS,,,Planned,GPC,208,2027-06-01,,,"GA ITS 10-Year Plan (GPC 2025 IRP Vol. 3), TEAMS #20736",182
GPC_20234,Georgia Power,GA,DOYLE - LG&E MONROE 230KV - JACKS CREEK LOOP IN,,,Planned,GPC,212,2027-06-01,,230.0,"GA ITS 10-Year Plan (GPC 2025 IRP Vol. 3), TEAMS #20234",182
GPC_20858,Georgia Power,GA,GTC: ADAMSVILLE - BUZZARD ROOST 230KV REBUILD,,,Planned,GTC,201,2027-06-01,,230.0,"GA ITS 10-Year Plan (GPC 2025 IRP Vol. 3), TEAMS #20858",182
GPC_20776,Georgia Power,GA,GTC: DOUGLASVILLE - VILLA RICA 230KV REBUILD (CC IMPROVEMENT),,,Planned,GTC,201,2027-06-01,,230.0,"GA ITS 10-Year Plan (GPC 2025 IRP Vol. 3), TEAMS #20776",182
GPC_20778,Georgia Power,GA,GTC: DOYLE - WINDER PRIMARY 230KV LINE JUMPER REPLACEMENT,,,Planned,GTC,212,2027-06-01,,230.0,"GA ITS 10-Year Plan (GPC 2025 IRP Vol. 3), TEAMS #20778",182
GPC_19358,Georgia Power,GA,GTC: EAST MOULTRIE - HIGHWAY 112 230 KV LINE,,,Planned,GTC,216,2027-06-01,,230.0,"GA ITS 10-Year Plan (GPC 2025 IRP Vol. 3), TEAMS #19358",182
GPC_09662,Georgia Power,GA,GTC: EAST WALTON 500/230KV PROJECT,,,Planned,GTC,212,2027-06-01,,230.0,"GA ITS 10-Year Plan (GPC 2025 IRP Vol. 3), TEAMS #09662",182
GPC_20505,Georgia Power,GA,GTC: GARRETT RD - V. RICA 230KV LINE RECONDUCTOR (CC NET IM),,,Planned,GTC,201,2027-06-01,,230.0,"GA ITS 10-Year Plan (GPC 2025 IRP Vol. 3), TEAMS #20505",182
GPC_19622,Georgia Power,GA,GTC: RIDDLEVILLE BUS REPLACEMENT,,,Planned,GTC,214,2027-06-01,,,"GA ITS 10-Year Plan (GPC 2025 IRP Vol. 3), TEAMS #19622",182
GPC_19606,Georgia Power,GA,GTC: SKC 115KV BUS AND JUMPER REPLACEMENT,,,Planned,GTC,206,2027-06-01,,115.0,"GA ITS 10-Year Plan (GPC 2025 IRP Vol. 3), TEAMS #19606",182
GPC_20020,Georgia Power,GA,GTC: SOUTH HAZLEHURST - NEW LACY 230KV LINE,,,Planned,GTC,214,2027-06-01,,230.0,"GA ITS 10-Year Plan (GPC 2025 IRP Vol. 3), TEAMS #20020",182
GPC_20506,Georgia Power,GA,GTC: SWITCH WAY - THORNTON ROAD 230KV LINE REBUILD,,,Planned,GTC,201,2027-06-01,,230.0,"GA ITS 10-Year Plan (GPC 2025 IRP Vol. 3), TEAMS #20506",182
GPC_18668,Georgia Power,GA,JESUP - OFFERMAN 115KV REBUILD,,,Planned,GPC,218,2027-06-01,,115.0,"GA ITS 10-Year Plan (GPC 2025 IRP Vol. 3), TEAMS #18668",182
GPC_10143,Georgia Power,GA,LAWRENCEVILLE - WINDER 115KV LINE REBUILD,,,Planned,GPC,202,2027-06-01,,115.0,"GA ITS 10-Year Plan (GPC 2025 IRP Vol. 3), TEAMS #10143",183
GPC_10481,Georgia Power,GA,LAWRENCEVILLE - WINDER PRIMARY 230KV LINE REBUILD,,,Planned,GPC,202,2027-06-01,,230.0,"GA ITS 10-Year Plan (GPC 2025 IRP Vol. 3), TEAMS #10481",183
GPC_20264,Georgia Power,GA,MEAG: RAY PLACE RD - WARRENTON PRIMARY,,,Planned,MEAG,215,2027-06-01,,,"GA ITS 10-Year Plan (GPC 2025 IRP Vol. 3), TEAMS #20264",183
GPC_19248,Georgia Power,GA,SANDERSVILLE #1 - WADLEY PRI. 115KV REBUILD/RECONDUCTOR,,,Planned,GPC,214,2027-06-01,,115.0,"GA ITS 10-Year Plan (GPC 2025 IRP Vol. 3), TEAMS #19248",183
GPC_20785,Georgia Power,GA,SAV: GOSHEN (SAV) - KRAFT 115KV LINE REBUILD,,,Planned,SAV,219,2027-06-01,,115.0,"GA ITS 10-Year Plan (GPC 2025 IRP Vol. 3), TEAMS #20785",183
GPC_20065,Georgia Power,GA,SAV: GOSHEN (SAV) - MCINTOSH 115KV LINE REBUILD,,,Planned,SAV,219,2027-06-01,,115.0,"GA ITS 10-Year Plan (GPC 2025 IRP Vol. 3), TEAMS #20065",183
GPC_20717,Georgia Power,GA,CC - TOMOCHICHI 500/230KV SOLUTION (CC NETWORK IMPROVEMENTS),,,Planned,GPC,208,2027-07-15,,230.0,"GA ITS 10-Year Plan (GPC 2025 IRP Vol. 3), TEAMS #20717",183
GPC_18573,Georgia Power,GA,GRID - ARKWRIGHT - LLOYD SHOALS 115KV,,,Planned,GPC,214,2027-07-30,,115.0,"GA ITS 10-Year Plan (GPC 2025 IRP Vol. 3), TEAMS #18573",183
GPC_20591,Georgia Power,GA,GTC: EATONTON PRIMARY (035591) - LICK CREEK 115KV REBUILD,,,Planned,GTC,214,2027-12-01,,115.0,"GA ITS 10-Year Plan (GPC 2025 IRP Vol. 3), TEAMS #20591",183
GPC_17977,Georgia Power,GA,ATHENA - EAST WATKINSVILLE 115 KV (REBUILD),,,Planned,GPC,212,2027-12-31,,115.0,"GA ITS 10-Year Plan (GPC 2025 IRP Vol. 3), TEAMS #17977",183
GPC_20150,Georgia Power,GA,CC - HILL VIEW & GRASSY HOLLOW SUB - CC IMPROVEMENTS,,,Planned,GPC,211,2027-12-31,,,"GA ITS 10-Year Plan (GPC 2025 IRP Vol. 3), TEAMS #20150",183
GPC_20024,Georgia Power,GA,DYER ROAD - EAST ROANOKE 115KV (REBUILD),,,Planned,GPC,211,2027-12-31,,115.0,"GA ITS 10-Year Plan (GPC 2025 IRP Vol. 3), TEAMS #20024",183
GPC_19997,Georgia Power,GA,AULTMAN ROAD-PERRY 115KV LINE REBUILD,,,Planned,GPC,214,2028-06-01,,115.0,"GA ITS 10-Year Plan (GPC 2025 IRP Vol. 3), TEAMS #19997",183
GPC_20797,Georgia Power,GA,CC - EAST VILLA RICA AREA SWITCHING STATION (CC IMPROVEMENT),,,Planned,GPC,201,2028-06-01,,,"GA ITS 10-Year Plan (GPC 2025 IRP Vol. 3), TEAMS #20797",183
GPC_20774,Georgia Power,GA,CC - VILLA RICA UPGRADES (CC NETWORK IMPROVEMENTS),,,Planned,GPC,211,2028-06-01,,,"GA ITS 10-Year Plan (GPC 2025 IRP Vol. 3), TEAMS #20774",183
GPC_21048,Georgia Power,GA,FITZGERALD - PITTS 115 KV LINE REBUILD,,,Planned,GPC,214,2028-06-01,,115.0,"GA ITS 10-Year Plan (GPC 2025 IRP Vol. 3), TEAMS #21048",184
GPC_08458,Georgia Power,GA,GTC: BARNESVILLE - SOUTH GRIFFIN 230KV PROJECT,,,Planned,GTC,213,2028-06-01,,230.0,"GA ITS 10-Year Plan (GPC 2025 IRP Vol. 3), TEAMS #08458",184
GPC_20503,Georgia Power,GA,GTC: BARNEYVILLE - EAST MOULTRIE 115KV NEW LINE,,,Planned,GTC,216,2028-06-01,,115.0,"GA ITS 10-Year Plan (GPC 2025 IRP Vol. 3), TEAMS #20503",184
GPC_20873,Georgia Power,GA,GTC: BONAIRE PRIMARY 500/230KV XFMR REPLCMNT & RELAY MOD,,,Planned,GTC,214,2028-06-01,,230.0,"GA ITS 10-Year Plan (GPC 2025 IRP Vol. 3), TEAMS #20873",184
GPC_19992,Georgia Power,GA,GTC: BOSTWICK - EAST SOCIAL CIRCLE 230KV RECONDUCTOR,,,Planned,GTC,212,2028-06-01,,230.0,"GA ITS 10-Year Plan (GPC 2025 IRP Vol. 3), TEAMS #19992",184
GPC_20777,Georgia Power,GA,JACK MCDONOUGH - NORTHWEST (BLACK) 230KV RECONDUCTOR,,,Planned,GPC,206,2028-06-01,,230.0,"GA ITS 10-Year Plan (GPC 2025 IRP Vol. 3), TEAMS #20777",184
GPC_19629,Georgia Power,GA,MEAG: BRUMBLEY CREEK - SOUTH BAINBRIDGE 115KV REBUILD,,,Planned,MEAG,216,2028-06-01,,115.0,"GA ITS 10-Year Plan (GPC 2025 IRP Vol. 3), TEAMS #19629",184
GPC_19630,Georgia Power,GA,MEAG: THOMASVILLE 230/115KV AUTOBANK REPLACEMENT,,,Planned,MEAG,216,2028-06-01,,115.0,"GA ITS 10-Year Plan (GPC 2025 IRP Vol. 3), TEAMS #19630",184
GPC_20482,Georgia Power,GA,PITTMAN ROAD - WEST POINT DAM (USA) 115KV REBUILD,,,Planned,GPC,213,2028-06-01,,115.0,"GA ITS 10-Year Plan (GPC 2025 IRP Vol. 3), TEAMS #20482",184
GPC_20656,Georgia Power,GA,PLANT YATES BREAKER AND HALF STATION,,,Planned,GPC,208,2028-06-01,,,"GA ITS 10-Year Plan (GPC 2025 IRP Vol. 3), TEAMS #20656",184
GPC_20783,Georgia Power,GA,SAV: COLEMAN - DEAN FOREST 115KV LINE REBUILD,,,Planned,SAV,219,2028-06-01,,115.0,"GA ITS 10-Year Plan (GPC 2025 IRP Vol. 3), TEAMS #20783",184
GPC_20407,Georgia Power,GA,SAV: MAGNOLIA - TRUMAN PARKWAY 115KV REBUILD,,,Planned,SAV,219,2028-06-01,,115.0,"GA ITS 10-Year Plan (GPC 2025 IRP Vol. 3), TEAMS #20407",184
GPC_21069,Georgia Power,GA,SMART VALVES AT EAST VILLA RICA SWITCHING STATION,,,Planned,GPC,201,2028-06-01,,,"GA ITS 10-Year Plan (GPC 2025 IRP Vol. 3), TEAMS #21069",184
GPC_20768,Georgia Power,GA,SOUTH MACON 115KV BUSES 1 & 2 REPLACEMENT,,,Planned,GPC,214,2028-06-01,,115.0,"GA ITS 10-Year Plan (GPC 2025 IRP Vol. 3), TEAMS #20768",184
GPC_20274,Georgia Power,GA,UNION CITY - YATES 230KV (BLACK) LINE REBUILD,,,Planned,GPC,208,2028-06-01,,230.0,"GA ITS 10-Year Plan (GPC 2025 IRP Vol. 3), TEAMS #20274",184
GPC_13166,Georgia Power,GA,FIRST AVENUE - NORTH COLUMBUS 115KV LINE REBUILD,,,Planned,GPC,213,2028-12-01,,115.0,"GA ITS 10-Year Plan (GPC 2025 IRP Vol. 3), TEAMS #13166",184
GPC_20586,Georgia Power,GA,GTC: NORTH DUBLIN 230/115KV TRANSFORMERS AND BUS-TIE BREAKER,,,Planned,GTC,214,2028-12-01,,115.0,"GA ITS 10-Year Plan (GPC 2025 IRP Vol. 3), TEAMS #20586",185
GPC_21062,Georgia Power,GA,ASHLEY PARK-WANSLEY 500KV,,,Planned,GPC,208,2029-06-01,,500.0,"GA ITS 10-Year Plan (GPC 2025 IRP Vol. 3), TEAMS #21062",185
GPC_10222,Georgia Power,GA,BLAKELY PRIMARY - HUCKLEBERRY 115KV REBUILD,,,Planned,GPC,216,2029-06-01,,115.0,"GA ITS 10-Year Plan (GPC 2025 IRP Vol. 3), TEAMS #10222",185
GPC_21047,Georgia Power,GA,BROADWAY - ECHECONNEE 115 KV LINE REBUILD,,,Planned,GPC,214,2029-06-01,,115.0,"GA ITS 10-Year Plan (GPC 2025 IRP Vol. 3), TEAMS #21047",185
GPC_16887,Georgia Power,GA,BUTLER - THOMASTON 230KV LINE CONVERSION,,,Planned,GPC,213,2029-06-01,,230.0,"GA ITS 10-Year Plan (GPC 2025 IRP Vol. 3), TEAMS #16887",185
GPC_21036,Georgia Power,GA,BUZZARD ROOST - FACTORY SHOALS 230KV NEW LINE,,,Planned,GPC,201,2029-06-01,,230.0,"GA ITS 10-Year Plan (GPC 2025 IRP Vol. 3), TEAMS #21036",185
GPC_21142,Georgia Power,GA,CONYERS - KLONDIKE 230 KV SECOND LINE,,,Planned,GPC,206,2029-06-01,,230.0,"GA ITS 10-Year Plan (GPC 2025 IRP Vol. 3), TEAMS #21142",185
GPC_21138,Georgia Power,GA,GLENWOOD SPRINGS - PORTERDALE PRIMARY 230KV LINE SWITCH REPL,,,Planned,GPC,206,2029-06-01,,230.0,"GA ITS 10-Year Plan (GPC 2025 IRP Vol. 3), TEAMS #21138",185
GPC_21112,Georgia Power,GA,GTC: BARNESVILLE PRIMARY - THOMASTON 230KV,,,Planned,GTC,213,2029-06-01,,230.0,"GA ITS 10-Year Plan (GPC 2025 IRP Vol. 3), TEAMS #21112",185
GPC_10814,Georgia Power,GA,GTC: BAY CREEK 230/115KV SECOND AUTO TRANSFORMER,,,Planned,GTC,202,2029-06-01,,115.0,"GA ITS 10-Year Plan (GPC 2025 IRP Vol. 3), TEAMS #10814",185
GPC_21140,Georgia Power,GA,GTC: BONAIRE PRIMARY - EASTMAN PRIMARY 115 KV LINE REBUILD,,,Planned,GTC,214,2029-06-01,,115.0,"GA ITS 10-Year Plan (GPC 2025 IRP Vol. 3), TEAMS #21140",185
GPC_20849,Georgia Power,GA,GTC: CLIFTONDALE - LINE CREEK 230KV LINE,,,Planned,GTC,201,2029-06-01,,230.0,"GA ITS 10-Year Plan (GPC 2025 IRP Vol. 3), TEAMS #20849",185
GPC_19950,Georgia Power,GA,GTC: DRESDEN - TALBOT 500KV LINE,,,Planned,GTC,213,2029-06-01,,500.0,"GA ITS 10-Year Plan (GPC 2025 IRP Vol. 3), TEAMS #19950",185
GPC_20760,Georgia Power,GA,GTC: HOPEWELL 230/115 KV BANK A,,,Planned,GTC,202,2029-06-01,,115.0,"GA ITS 10-Year Plan (GPC 2025 IRP Vol. 3), TEAMS #20760",185
GPC_21123,Georgia Power,GA,GTC: TENASKA - WANSLEY 500KV NEW LINE,,,Planned,GTC,201,2029-06-01,,500.0,"GA ITS 10-Year Plan (GPC 2025 IRP Vol. 3), TEAMS #21123",185
GPC_21141,Georgia Power,GA,LLOYD SHOALS - PORTERDALE PRIMARY 115KV REBUILD,,,Planned,GPC,206,2029-06-01,,115.0,"GA ITS 10-Year Plan (GPC 2025 IRP Vol. 3), TEAMS #21141",185
GPC_20285,Georgia Power,GA,LOWER RIVER - WEBB (APC) 115KV RECONDUCTOR,,,Planned,GPC,216,2029-06-01,,115.0,"GA ITS 10-Year Plan (GPC 2025 IRP Vol. 3), TEAMS #20285",185
GPC_19621,Georgia Power,GA,MCEVER ROAD - SHOAL CREEK 115KV REBUILD,,,Planned,GPC,212,2029-06-01,,115.0,"GA ITS 10-Year Plan (GPC 2025 IRP Vol. 3), TEAMS #19621",186
GPC_20346,Georgia Power,GA,MCMANUS - WEST BRUNSWICK 115KV REBUILD,,,Planned,GPC,218,2029-06-01,,115.0,"GA ITS 10-Year Plan (GPC 2025 IRP Vol. 3), TEAMS #20346",186
GPC_17706,Georgia Power,GA,MEAG: AULTMAN ROAD - FORT VALLEY #1 115 KV REBUILD,,,Planned,MEAG,214,2029-06-01,,115.0,"GA ITS 10-Year Plan (GPC 2025 IRP Vol. 3), TEAMS #17706",186
GPC_11051,Georgia Power,GA,MEAG: SLAPPEY DRIVE - WESTOVER 115KV LINE REBUILD,,,Planned,MEAG,216,2029-06-01,,115.0,"GA ITS 10-Year Plan (GPC 2025 IRP Vol. 3), TEAMS #11051",186
GPC_20757,Georgia Power,GA,NORCROSS - NORTH DRUID HILLS 115KV REBUILD,,,Planned,GPC,202,2029-06-01,,115.0,"GA ITS 10-Year Plan (GPC 2025 IRP Vol. 3), TEAMS #20757",186
GPC_21006,Georgia Power,GA,SAV: BOULEVARD - MAGNOLIA 115 KV LINE REBUILD,,,Planned,SAV,219,2029-06-01,,115.0,"GA ITS 10-Year Plan (GPC 2025 IRP Vol. 3), TEAMS #21006",186
GPC_21023,Georgia Power,GA,SAV: DEAN FOREST - LITTLE OGEECHEE 230 KV REBUILD,,,Planned,SAV,219,2029-06-01,,230.0,"GA ITS 10-Year Plan (GPC 2025 IRP Vol. 3), TEAMS #21023",186
GPC_20989,Georgia Power,GA,SAV: RICE HOPE NEW AUTO TRANSFORMER,,,Planned,SAV,219,2029-06-01,,,"GA ITS 10-Year Plan (GPC 2025 IRP Vol. 3), TEAMS #20989",186
GPC_13628,Georgia Power,GA,SOUTH BAINBRIDGE - SINAI (FPL) 115KV LINE RECONDUCTOR,,,Planned,GPC,216,2029-06-01,,115.0,"GA ITS 10-Year Plan (GPC 2025 IRP Vol. 3), TEAMS #13628",186
GPC_20248,Georgia Power,GA,BAY CREEK - CONYERS 230KV REBUILD,,,Planned,GPC,202,2029-12-31,,230.0,"GA ITS 10-Year Plan (GPC 2025 IRP Vol. 3), TEAMS #20248",186
GPC_21129,Georgia Power,GA,ANNISTON - HAMMOND 230KV LINE,,,Planned,GPC,211,2030-06-01,,230.0,"GA ITS 10-Year Plan (GPC 2025 IRP Vol. 3), TEAMS #21129",186
GPC_20764,Georgia Power,GA,ATKINSON - NORTHSIDE DRIVE 115KV REBUILD,,,Planned,GPC,201,2030-06-01,,115.0,"GA ITS 10-Year Plan (GPC 2025 IRP Vol. 3), TEAMS #20764",186
GPC_20761,Georgia Power,GA,ATKINSON - NORTHWEST 115KV REBUILD,,,Planned,GPC,201,2030-06-01,,115.0,"GA ITS 10-Year Plan (GPC 2025 IRP Vol. 3), TEAMS #20761",186
GPC_21130,Georgia Power,GA,CC - NORTH GEORGIA DATA NETWORK UPGRADES,,,Planned,GPC,212,2030-06-01,,,"GA ITS 10-Year Plan (GPC 2025 IRP Vol. 3), TEAMS #21130",186
GPC_10478,Georgia Power,GA,CORNELIA - TALLULAH LODGE 115KV REBUILD,,,Planned,GPC,212,2030-06-01,,115.0,"GA ITS 10-Year Plan (GPC 2025 IRP Vol. 3), TEAMS #10478",186
GPC_18669,Georgia Power,GA,DU: DAWSON CROSSING - NELSON (WHITE) 115 KV REBUILD,,,Planned,DU,212,2030-06-01,,115.0,"GA ITS 10-Year Plan (GPC 2025 IRP Vol. 3), TEAMS #18669",186
GPC_21097,Georgia Power,GA,EAST POINT - TRIBUTARY 230KV REBUILD,,,Planned,GPC,201,2030-06-01,,230.0,"GA ITS 10-Year Plan (GPC 2025 IRP Vol. 3), TEAMS #21097",186
GPC_20480,Georgia Power,GA,EAST POINT - UNION CITY 230KV BLACK LINE RECONDUCTOR,,,Planned,GPC,208,2030-06-01,,230.0,"GA ITS 10-Year Plan (GPC 2025 IRP Vol. 3), TEAMS #20480",187
GPC_19627,Georgia Power,GA,ECHECONNEE-WELLSTON 115KV LINE REBUILD,,,Planned,GPC,214,2030-06-01,,115.0,"GA ITS 10-Year Plan (GPC 2025 IRP Vol. 3), TEAMS #19627",187
GPC_21063,Georgia Power,GA,FARLEY (APC)-TAZEWELL 500KV,,,Planned,GPC,216,2030-06-01,,500.0,"GA ITS 10-Year Plan (GPC 2025 IRP Vol. 3), TEAMS #21063",187
GPC_12120,Georgia Power,GA,GAINESVILLE #2 - MCEVER ROAD 115 KV REBUILD,,,Planned,GPC,212,2030-06-01,,115.0,"GA ITS 10-Year Plan (GPC 2025 IRP Vol. 3), TEAMS #12120",187
GPC_20298,Georgia Power,GA,GLENWOOD SPRINGS - LAKE OCONEE 115KV LINE REBUILD,,,Planned,GPC,214,2030-06-01,,115.0,"GA ITS 10-Year Plan (GPC 2025 IRP Vol. 3), TEAMS #20298",187
GPC_21128,Georgia Power,GA,GOAT ROCK REACTORS INSTALLATION,,,Planned,GPC,213,2030-06-01,,,"GA ITS 10-Year Plan (GPC 2025 IRP Vol. 3), TEAMS #21128",187
GPC_19996,Georgia Power,GA,GOLDENS CREEK - WARRENTON PRIMARY 230KV REBUILD,,,Planned,GPC,215,2030-06-01,,230.0,"GA ITS 10-Year Plan (GPC 2025 IRP Vol. 3), TEAMS #19996",187
GPC_20428,Georgia Power,GA,GORDON-SANDERSVILLE #1 115KV LINE REBUILD (DEEPSTEP-SAND #6),,,Planned,GPC,214,2030-06-01,,115.0,"GA ITS 10-Year Plan (GPC 2025 IRP Vol. 3), TEAMS #20428",187
GPC_21116,Georgia Power,GA,GOSHEN AREA STRATEGIC SOLUTION,,,Planned,GPC,215,2030-06-01,,,"GA ITS 10-Year Plan (GPC 2025 IRP Vol. 3), TEAMS #21116",187
GPC_21073,Georgia Power,GA,GTC: BIG SMARR - TOMOCHICHI 500KV,,,Planned,GTC,208,2030-06-01,,500.0,"GA ITS 10-Year Plan (GPC 2025 IRP Vol. 3), TEAMS #21073",187
GPC_21014,Georgia Power,GA,GTC: BUZZARD ROOST - CAVENDER DRIVE 230KV NEW LINE,,,Planned,GTC,201,2030-06-01,,230.0,"GA ITS 10-Year Plan (GPC 2025 IRP Vol. 3), TEAMS #21014",187
GPC_21013,Georgia Power,GA,GTC: CAVENDER DRIVE 500/230KV AUTOBANK,,,Planned,GTC,201,2030-06-01,,230.0,"GA ITS 10-Year Plan (GPC 2025 IRP Vol. 3), TEAMS #21013",187
GPC_20375,Georgia Power,GA,GTC: EAST WATKINSVILLE 230 KV STATION MODIFICATION,,,Planned,GTC,212,2030-06-01,,230.0,"GA ITS 10-Year Plan (GPC 2025 IRP Vol. 3), TEAMS #20375",187
GPC_21111,Georgia Power,GA,GTC: HARTWELL DAM - HARTWELL ENERGY 230KV SERIES REACTORS,,,Planned,GTC,212,2030-06-01,,230.0,"GA ITS 10-Year Plan (GPC 2025 IRP Vol. 3), TEAMS #21111",187
GPC_21113,Georgia Power,GA,GTC: HARTWELL ENERGY - MIDDLE FORK 230KV LINE,,,Planned,GTC,212,2030-06-01,,230.0,"GA ITS 10-Year Plan (GPC 2025 IRP Vol. 3), TEAMS #21113",187
GPC_21131,Georgia Power,GA,GTC: POND FORK - MIDWAY 115KV LINE,,,Planned,GTC,212,2030-06-01,,115.0,"GA ITS 10-Year Plan (GPC 2025 IRP Vol. 3), TEAMS #21131",187
GPC_21077,Georgia Power,GA,GTC: ROCKVILLE - TIGER CREEK -WARTHEN 500KV LINES,,,Planned,GTC,214,2030-06-01,,500.0,"GA ITS 10-Year Plan (GPC 2025 IRP Vol. 3), TEAMS #21077",188
GPC_21076,Georgia Power,GA,GTC: TALLBOT #2 - TAZEWELL 500KV LINE,,,Planned,GTC,216,2030-06-01,,500.0,"GA ITS 10-Year Plan (GPC 2025 IRP Vol. 3), TEAMS #21076",188
GPC_21094,Georgia Power,GA,GTC: TIGER CREEK- ROCKVILLE-NORTH SPA 230KV PROJECT,,,Planned,GTC,214,2030-06-01,,230.0,"GA ITS 10-Year Plan (GPC 2025 IRP Vol. 3), TEAMS #21094",188
GPC_20789,Georgia Power,GA,JEFFERSON ROAD - WINDER PRIMARY 115KV REBUILD,,,Planned,GPC,212,2030-06-01,,115.0,"GA ITS 10-Year Plan (GPC 2025 IRP Vol. 3), TEAMS #20789",188
GPC_20284,Georgia Power,GA,KETTLE CREEK PRIMARY - PINE GROVE PRIMARY 115KV REBUILD,,,Planned,GPC,216,2030-06-01,,115.0,"GA ITS 10-Year Plan (GPC 2025 IRP Vol. 3), TEAMS #20284",188
GPC_21118,Georgia Power,GA,MEAG: ATHENA - WARRENTON 230KV CONVERSION,,,Planned,MEAG,215,2030-06-01,,230.0,"GA ITS 10-Year Plan (GPC 2025 IRP Vol. 3), TEAMS #21118",188
GPC_20857,Georgia Power,GA,NEW CAVENDER DRIVE - TRIBUTARY 230KV LINE,,,Planned,GPC,201,2030-06-01,,230.0,"GA ITS 10-Year Plan (GPC 2025 IRP Vol. 3), TEAMS #20857",188
GPC_21093,Georgia Power,GA,NORTH SPA 230KV STRATEGIC PROJECT,,,Planned,GPC,214,2030-06-01,,230.0,"GA ITS 10-Year Plan (GPC 2025 IRP Vol. 3), TEAMS #21093",188
GPC_19995,Georgia Power,GA,TALLULAH LODGE - TOCCOA 115 KV REBUILD,,,Planned,GPC,212,2030-06-01,,115.0,"GA ITS 10-Year Plan (GPC 2025 IRP Vol. 3), TEAMS #19995",188
GPC_21098,Georgia Power,GA,TRIBUTARY - THORNTON RD 230KV REBUILD,,,Planned,GPC,201,2030-06-01,,230.0,"GA ITS 10-Year Plan (GPC 2025 IRP Vol. 3), TEAMS #21098",188
GPC_20160,Georgia Power,GA,THOMASTON 230 NEW BUILD SUB,,,Planned,GPC,213,2030-11-01,,,"GA ITS 10-Year Plan (GPC 2025 IRP Vol. 3), TEAMS #20160",188
GPC_18848,Georgia Power,GA,"BAINBRIDGE TRANSMISSION: EAST RIVER ROAD, EAST BAINBRIDGE",,,Planned,GPC,216,2030-12-31,,,"GA ITS 10-Year Plan (GPC 2025 IRP Vol. 3), TEAMS #18848",188
GPC_19626,Georgia Power,GA,GLENWOOD SPRINGS 115KV CAP BANK,,,Planned,GPC,214,2030-12-31,,115.0,"GA ITS 10-Year Plan (GPC 2025 IRP Vol. 3), TEAMS #19626",188
GPC_20690,Georgia Power,GA,EAST POINT - UNION CITY (WHITE) 230KV REBUILD,,,Planned,GPC,208,2031-05-01,,230.0,"GA ITS 10-Year Plan (GPC 2025 IRP Vol. 3), TEAMS #20690",188
GPC_19632,Georgia Power,GA,AVERY - HOPEWELL 115KV RECONDUCTOR,,,Planned,GPC,202,2031-06-01,,115.0,"GA ITS 10-Year Plan (GPC 2025 IRP Vol. 3), TEAMS #19632",188
GPC_10811,Georgia Power,GA,BOWEN #10 500/230KV AUTOBANK REPLACEMENT,,,Planned,GPC,211,2031-06-01,,230.0,"GA ITS 10-Year Plan (GPC 2025 IRP Vol. 3), TEAMS #10811",188
GPC_20756,Georgia Power,GA,HATCH - WADLEY 500 KV LINE STRATEGIC PROJECT,,,Planned,GPC,215,2031-06-01,,500.0,"GA ITS 10-Year Plan (GPC 2025 IRP Vol. 3), TEAMS #20756",188
GPC_21099,Georgia Power,GA,MEAG: PIO NONO 230/115KV AREA SOLUTION,,,Planned,MEAG,214,2031-06-01,,115.0,"GA ITS 10-Year Plan (GPC 2025 IRP Vol. 3), TEAMS #21099",189
GPC_21114,Georgia Power,GA,MEAG: SOUTH GRIFFIN 230/115KV BANK #5,,,Planned,MEAG,213,2032-06-01,,115.0,"GA ITS 10-Year Plan (GPC 2025 IRP Vol. 3), TEAMS #21114",189
GPC_20784,Georgia Power,GA,SAV: COLEMAN - MELDRIM 115KV LINE REBUILD,,,Planned,SAV,219,2032-06-01,,115.0,"GA ITS 10-Year Plan (GPC 2025 IRP Vol. 3), TEAMS #20784",189
GPC_20767,Georgia Power,GA,ARKWRIGHT BUS AND JUMPER REPLACEMENT,,,Planned,GPC,214,2033-06-01,,,"GA ITS 10-Year Plan (GPC 2025 IRP Vol. 3), TEAMS #20767",189
GPC_20758,Georgia Power,GA,BAY CREEK - CONYERS 230KV LIMITING ELEMENT REPLACEMENT,,,Planned,GPC,202,2033-06-01,,230.0,"GA ITS 10-Year Plan (GPC 2025 IRP Vol. 3), TEAMS #20758",189
GPC_20793,Georgia Power,GA,EVANS PRIMARY - THURMOND DAM (USA) #5 115KV REBUILD,,,Planned,GPC,215,2033-06-01,,115.0,"GA ITS 10-Year Plan (GPC 2025 IRP Vol. 3), TEAMS #20793",189
GPC_20794,Georgia Power,GA,EVANS PRIMARY - THURMOND DAM (USA) #6 115KV REBUILD,,,Planned,GPC,215,2033-06-01,,115.0,"GA ITS 10-Year Plan (GPC 2025 IRP Vol. 3), TEAMS #20794",189
GPC_12217,Georgia Power,GA,GTC: CENTER PRIMARY - CLARKSBORO 230 KV REBUILD,,,Planned,GTC,212,2033-06-01,,230.0,"GA ITS 10-Year Plan (GPC 2025 IRP Vol. 3), TEAMS #12217",189
GPC_20773,Georgia Power,GA,GTC: CLARKSBORO - WINDER PRIMARY 230KV REBUILD,,,Planned,GTC,212,2033-06-01,,230.0,"GA ITS 10-Year Plan (GPC 2025 IRP Vol. 3), TEAMS #20773",189
GPC_12147,Georgia Power,GA,GTC: EAST SOCIAL CIRCLE - SNELLVILLE 230KV EQUIPMENT UPGRADE,,,Planned,GTC,212,2033-06-01,,230.0,"GA ITS 10-Year Plan (GPC 2025 IRP Vol. 3), TEAMS #12147",189
GPC_21075,Georgia Power,GA,GTC: EAST WALTON - MIDDLE FORK 500KV,,,Planned,GTC,212,2033-06-01,,500.0,"GA ITS 10-Year Plan (GPC 2025 IRP Vol. 3), TEAMS #21075",189
GPC_20791,Georgia Power,GA,GTC: SHOAL CREEK - SOUTH HALL 230KV REBUILD,,,Planned,GTC,212,2033-06-01,,230.0,"GA ITS 10-Year Plan (GPC 2025 IRP Vol. 3), TEAMS #20791",189
GPC_21053,Georgia Power,GA,MCEVER ROAD - SHOAL CREEK 115KV REBUILD PHASE III,,,Planned,GPC,212,2033-06-01,,115.0,"GA ITS 10-Year Plan (GPC 2025 IRP Vol. 3), TEAMS #21053",189
GPC_09661,Georgia Power,GA,MCGRAU FORD - MIDDLE FORK 500KV LINE PROJECT,,,Planned,GPC,212,2033-06-01,,500.0,"GA ITS 10-Year Plan (GPC 2025 IRP Vol. 3), TEAMS #09661",189
GPC_20796,Georgia Power,GA,SAV: MELDRIM BANK D REPLACEMENT,,,Planned,SAV,219,2033-06-01,,,"GA ITS 10-Year Plan (GPC 2025 IRP Vol. 3), TEAMS #20796",189
GPC_14222,Georgia Power,GA,THOMSON PRIMARY 230/115KV SECOND TRANSFORMER,,,Planned,GPC,215,2033-06-01,,115.0,"GA ITS 10-Year Plan (GPC 2025 IRP Vol. 3), TEAMS #14222",189
GPC_20759,Georgia Power,GA,WINDER PRIMARY 230KV BUS 1-2 PARALLEL BUS-TIE INSTALLATION,,,Planned,GPC,202,2033-06-01,,230.0,"GA ITS 10-Year Plan (GPC 2025 IRP Vol. 3), TEAMS #20759",190
GPC_10487,Georgia Power,GA,PINE GROVE PRIMARY - WEST VALDOSTA 115 KV RECONDUCTOR,,,Planned,GPC,216,2033-12-31,,115.0,"GA ITS 10-Year Plan (GPC 2025 IRP Vol. 3), TEAMS #10487",190
GPC_18700,Georgia Power,GA,DAWSON CROSSING - GAINESVILLE #1 115 KV,,,Planned,GPC,212,2034-06-01,,115.0,"GA ITS 10-Year Plan (GPC 2025 IRP Vol. 3), TEAMS #18700",190
GPC_20787,Georgia Power,GA,SAV: LITTLE OGEECHEE 230/115KV BANK REPLACEMENT,,,Planned,SAV,219,2034-06-01,,115.0,"GA ITS 10-Year Plan (GPC 2025 IRP Vol. 3), TEAMS #20787",190
GPC_17993,Georgia Power,GA,EVANS PRIMARY - THOMSON PRIMARY 115KV REBUILD,,,Planned,GPC,215,2034-12-31,,115.0,"GA ITS 10-Year Plan (GPC 2025 IRP Vol. 3), TEAMS #17993",190
