project_id,utility,state,project_name,description,need,status,sponsor,zone,in_service_date,est_cost_usd,voltage_kv,source,source_page,name_a,lat_a,lon_a,match_a,conf_a,name_b,lat_b,lon_b,match_b,conf_b,lat_center,lon_center,confidence
DESC_1,Dominion Energy South Carolina,SC,Queensboro - Ft Johnson 115 kV & Queensboro-Bayfront 115kV (Queensboro-James Island Sect),Replace the Queensboro – Ft Johnson 115 kV Line and structures as they have reached the end of life.,This project is required due to address end of life issues.,In Progress,DESC,,2023-12-31,5404301.0,115.0,"DESC SCRTP project list, ID 6807 B",1,QUEENSBORO,32.722793,-79.967332,QUEENSBORO,manual,FORT JOHNSON,,,,,32.722793,-79.967332,high
DESC_2,Dominion Energy South Carolina,SC,Union Pier 115-13.8 kV Sub: Tap,Installing a 115 kV Tap to feed the future Union Pier 115 kV Sub.,This project is needed to for load growth in the Charleston area.,Planned,DESC,,2027-12-31,5300000.0,,"DESC SCRTP project list, ID 0167C-D",2,UNION PIER,,,,,,,,,,,,unlocated
DESC_3,Dominion Energy South Carolina,SC,"Okatie 230-115kV Substation, Jasper – Yemassee 230kV #1 Fold-in","Expand existing Okatie Transmission sub, add a 230-115 autobank and fold the Jasper – Yemassee 230 kV #1 line into the 230 kV side. Construct two additional 115 kV bus tie lines.",This project is needed to improve system performance and to meet NERC TPL and internal DESC Planning Criteria for reliability.,In Progress,DESC,,2024-12-31,11116933.0,230.0,"DESC SCRTP project list, ID 0139 M,N",3,OKATIE,32.333758,-81.032495,OKATIE,manual,,,,,,32.333758,-81.032495,high
DESC_4,Dominion Energy South Carolina,SC,Cainhoy - Hamlin 115kV: Rebuild Line and Cainhoy – Hamlin 115 kV #2: Construct New 115 kV Line,"Upgrade the 954 ACSR portion of the Cainhoy – Hamlin 115 kV line to B795 ACSR conductor, construct a new Cainhoy – Hamlin 115 kV #2 line, add terminals to Cainhoy and Hamlin sub to accommodate upgrades.",This project is required due to load growth in the Mount Pleasant area and to meet NERC TPL and internal DESC Planning criteria.,In Progress,DESC,,2025-12-01,19890850.0,115.0,"DESC SCRTP project list, ID 6341 A-F",4,CAINHOY,32.941402,-79.8422757,Cainhoy Substation,high,HAMLIN,32.859937,-79.7884409,Hamlin Substation,high,32.9006695,-79.8153583,high
DESC_5,Dominion Energy South Carolina,SC,Eastover - Square D 115kV: Rebuild,Replace wooden H-Frame structures with Self Supporting Steel Structures and restring with 1272 ACSR conductor.,This project is required to address end of life and reliability issues on these lines.,In Progress,DESC,,2024-06-01,11700000.0,115.0,"DESC SCRTP project list, ID 6808 J",5,EASTOVER,33.9202036,-80.6536372,Eastover Solar,medium,SQUARE D,,,,,33.9202036,-80.6536372,medium
DESC_6,Dominion Energy South Carolina,SC,Burton-St Helena 115kV: Rebuild Burton-Frogmore Transmission Section,Replace wooden structures with Self Supporting Steel Structures and restring with 1272 ACSR conductor for the Burton – Frogmore Transmission section.,This project is required to address end of life and reliability issues on these lines.,In Progress,DESC,,2024-12-31,8580000.0,115.0,"DESC SCRTP project list, ID 6808 K",6,BURTON,32.4364883,-80.7210159,Burton Substation,high,SAINT HELENA,32.3868607,-80.5606622,"Saint Helena Island, Beaufort County, South Carolina, 29920,",low,32.411674500000004,-80.64083905,low
DESC_7,Dominion Energy South Carolina,SC,Burton-St Helena 115kV: Frogmore Distribution - St Helena,Replace wooden structures with Self Supporting Steel Structures and upgrade to 795 ACSR for the Frogmore Distribution Tap – St. Helena section.,This project is required to address end of life and reliability issues on these lines.,In Progress,DESC,,2025-12-31,6925000.0,115.0,"DESC SCRTP project list, ID 6808 L",7,BURTON,32.4364883,-80.7210159,Burton Substation,high,SAINT HELENA,32.3868607,-80.5606622,"Saint Helena Island, Beaufort County, South Carolina, 29920,",low,32.411674500000004,-80.64083905,low
DESC_8,Dominion Energy South Carolina,SC,VCS1-Denny Terrace 230kV & VCS1-Pineland 230kV: Rebuild Single Circuit Sections,Replace wooden H-Frame structures with Self Supporting Steel Structures and restring with standard 1272 ACSR conductor.,This project is required to address end of life and reliability issues on these lines.,In Progress,DESC,,2026-12-31,4912096.0,230.0,"DESC SCRTP project list, ID 6808 N,O",8,VCS1,,,,,DENNY TERRACE,34.0576091,-81.061561,Denny Terrace Substation,high,34.0576091,-81.061561,high
DESC_9,Dominion Energy South Carolina,SC,Wateree-Killian 230kV: Rebuild,Replace wooden H-Frame structures with Self Supporting Steel Structures.,This project is required to address end of life and reliability issues on these lines.,In Progress,DESC,,2028-12-31,48224719.0,230.0,"DESC SCRTP project list, ID 6808 R",9,WATEREE,33.8213074,-80.6284218,Wateree Station,high,KILLIAN,34.1359182,-80.9281468,"Killian Station, Richland County, South Carolina, 31299, Uni",low,33.9786128,-80.7782843,low
DESC_10,Dominion Energy South Carolina,SC,Okatie-Bluffton 115kV: Rebuild,Replace wooden H-Frame structures with Self Supporting Steel Structures and upgrade conductor to standard 1272 ACSR.,This project is required to address end of life and reliability issues on these lines.,In Progress,DESC,,2025-06-01,40660000.0,115.0,"DESC SCRTP project list, ID 6808 S",10,OKATIE,32.333758,-81.032495,OKATIE,manual,BLUFFTON,32.235027,-80.853384,BLUFFTON,manual,32.2843925,-80.9429395,high
DESC_11,Dominion Energy South Carolina,SC,Hopkins-CIP 230kV: Rebuild,Replace wooden H-Frame structures with Self Supporting Steel Structures.,This project is required to address end of life and reliability issues on these lines.,Planned,DESC,,2025-12-31,2600000.0,230.0,"DESC SCRTP project list, ID 6808 U",11,HOPKINS,33.9043212,-80.8770342,"Hopkins, Richland County, South Carolina, 29061, United Stat",low,CIP,,,,,33.9043212,-80.8770342,low
DESC_12,Dominion Energy South Carolina,SC,Faber Place-Bayfront 115kV: Rebuild North Bridge Terrace to Bayfront Section,Replace wooden structures with Self Supporting Steel Structures and upgrade conductor to standard 1272 ACSR.,This project is required to address end of life and reliability issues on these lines.,Planned,DESC,,2028-12-31,10200000.0,115.0,"DESC SCRTP project list, ID 6808 V",12,FABER PLACE,32.8500798,-80.0146241,Faber Place Substation,medium,BAYFRONT,32.742122,-79.9634237,"Bayfront, James Island, Charleston County, South Carolina, 2",low,32.7961009,-79.9890239,low
DESC_13,Dominion Energy South Carolina,SC,Square D - Hopkins 115kV: Rebuild,Replace wooden H-Frame structures with Self Supporting Steel Structures and restring with 1272 ACSR conductor.,This project is required to address end of life and reliability issues on these lines.,In Progress,DESC,,2024-09-30,4300000.0,115.0,"DESC SCRTP project list, ID 6808 W",13,SQUARE D,,,,,HOPKINS,33.9043212,-80.8770342,"Hopkins, Richland County, South Carolina, 29061, United Stat",low,33.9043212,-80.8770342,low
DESC_14,Dominion Energy South Carolina,SC,Stevens Creek - Hooks 115kV/LR Plumb Branch 46kV Rebuilds,9.5 miles. Scope includes rebuilding the 115 and 46 kV lines in this corridor SPDC.,This project is required to address end of life and reliability issues on these lines.,In Progress,DESC,,2024-12-31,11745543.0,115.0,"DESC SCRTP project list, ID 6809 E",14,STEVENS CREEK,33.562599,-82.051362,STEVENS CREEK,manual,HOOKS,,,,,33.562599,-82.051362,high
DESC_15,Dominion Energy South Carolina,SC,Stevens Creek - Hooks 115kV/LR Plumb Branch 46kV,Upgrade 6.5 miles of aging conductor with 1272 ACSR and rebuild with SPDC.,This project is required to address end of life and reliability issues on these lines.,Planned,DESC,,2025-12-31,7800000.0,115.0,"DESC SCRTP project list, ID 6809 G",15,STEVENS CREEK,33.562599,-82.051362,STEVENS CREEK,manual,HOOKS,,,,,33.562599,-82.051362,high
DESC_16,Dominion Energy South Carolina,SC,"Edenwood Sub: #1 & #2 230-115kV Autobanks, Replace with 336MVA",Replace Autobank 1 and 2 at Edenwood Substation.,This project is required to address end of life and maintenance issues on these transformers.,In Progress,DESC,,2024-12-25,10833462.0,230.0,"DESC SCRTP project list, ID 6805 G",16,EDENWOOD,33.953765,-81.0598155,"Edenwood, Cayce, Lexington County, South Carolina, 29033, Un",low,,,,,,33.953765,-81.0598155,low
DESC_17,Dominion Energy South Carolina,SC,"Williams St Sub: Replace Sw House & Relays, AM Williams Sub: Replace Sw House, and McMeekin Sub: Add Sw House","Replace switch house, switch house equipment, and relay panels at Williams Street substation. Replace the switch house at AM Williams substation. Add Switching House at McMeekin Substation to move relays from plant relay room.",This project is required to address end of life and maintenance issues on these transformers.,In Progress,DESC,,2028-12-31,9898924.0,,"DESC SCRTP project list, ID 1060A, I, L",17,WILLIAMS SAINT,,,,,,,,,,,,unlocated
DESC_18,Dominion Energy South Carolina,SC,Harleyville 115KV Transmission Tap – Construct (1.4 miles),Extend the 115 kV line from the Blue Circle tap to the Harleyville substation to provide 115 kV service.,Load growth.,Planned,DESC,,2027-03-31,2750000.0,115.0,"DESC SCRTP project list, ID 06005 B",18,HARLEYVILLE,33.2099069,-80.4511658,Harleyville Substation,medium,,,,,,33.2099069,-80.4511658,medium
DESC_19,Dominion Energy South Carolina,SC,Summerville: Replace and Spare 230-115kV 336MVA Auto Bank,"Purchase a spare 230/115kV, 336MVA Autobank for the Southern Region to be stored at Summerville 230kV Sub. Include a pad, AC for heaters, and possibly a pit for oil containment.",Spare equipment needs.,In Progress,DESC,,2024-12-31,3982052.0,230.0,"DESC SCRTP project list, ID 05004 P",19,SUMMERVILLE,32.9873703,-80.2208317,Summerville Wastewater Treatment Substation,medium,,,,,,32.9873703,-80.2208317,medium
DESC_20,Dominion Energy South Carolina,SC,Canadys-Ritter 115KV-Rebld SPDC 230/115KV 1272 (Approx 18 Miles),Rebuild Canadys-Ritter 115 kV line as SPDC with 230 kV on one side and 115 kV on the other side.,This project is needed to improve system performance and to meet NERC TPL and internal DESC Planning Criteria for reliability.,In Progress,DESC,,2026-06-01,40000000.0,115.0,"DESC SCRTP project list, ID 06076A",20,CANADYS,33.0640963,-80.6205999,Canadys Substation,high,RITTER,32.7896202,-80.6303822,"Ritter, Colleton County, South Carolina, United States",low,32.92685825,-80.62549105,low
DESC_21,Dominion Energy South Carolina,SC,Yemassee– Ritter 230kV #1 & #2: Construct SPDC with B-1272,Construct Ritter – Yemassee 230kV #1 and #2 SPDC with B1272 ACSR on both sides. Convert the existing Ritter – Yemassee 230 kV to 115 kV operation. Convert and add terminals at Ritter and Yemassee. Add 230 kV bus tie at Ritter and upgrade the Yemassee 230 kV bus tie.,This project is needed to improve system performance and to meet NERC TPL and internal DESC Planning Criteria for reliability.,Planned,DESC,,2026-06-01,40611419.0,230.0,"DESC SCRTP project list, ID 6359",21,YEMASSEE,32.6974259,-80.8637929,Yemassee Substation,high,RITTER,32.7896202,-80.6303822,"Ritter, Colleton County, South Carolina, United States",low,32.74352305,-80.74708755,low
DESC_22,Dominion Energy South Carolina,SC,Riverport Tap: Construct Tap,Construct Okatie – Riverport 230 kV to feed new Distribution substation.,Load growth.,In Progress,DESC,,2025-12-31,34877427.0,,"DESC SCRTP project list, ID 06367 A - C, H",22,RIVERPORT,,,,,,,,,,,,unlocated
DESC_23,Dominion Energy South Carolina,SC,Jasper – Okatie 230 kV #2: Construct,Construct a 230 kV line with B1272 ACSR from Jasper to Okatie 230/115kV Substation. The line is estimated to be 6.5 miles long. This makes Jasper a Medium Impact substation and will require a new CIP Hut.,This project is needed to improve system performance and to meet NERC TPL and internal DESC Planning Criteria for reliability.,In Progress,DESC,,2025-12-31,23787423.0,230.0,"DESC SCRTP project list, ID 06367 D - G",23,JASPER,32.35912,-81.1246,JASPER,manual,OKATIE,32.333758,-81.032495,OKATIE,manual,32.346439000000004,-81.0785475,high
DESC_24,Dominion Energy South Carolina,SC,Wagener 115kV Tap: Construct Tap,Constructing a 115 kV Tap off the Edmund Switching Station- Owens Corning 115 kV Line to feed new Wagener Distribution substation.,Load growth.,Planned,DESC,,2025-12-31,6005000.0,115.0,"DESC SCRTP project list, ID 06371 D",24,WAGENER,33.6501119,-81.3605659,Wagener Substation,high,,,,,,33.6501119,-81.3605659,high
DESC_25,Dominion Energy South Carolina,SC,Church Creek - Ritter 230kV - Replace 38 Large Angles and Dead Ends,Replace 6.5 miles of aging conductor.,Replacing approximately 38 guyed wooden structures due to recent failures in the fiberglass strain insulators along this line. Structures to be changed out are dead ends/large angles.,In Progress,DESC,,2024-06-01,10850000.0,230.0,"DESC SCRTP project list, ID 06372 A",25,CHURCH CREEK,32.8303196,-80.0702792,Church Creek Substation,medium,RITTER,32.7896202,-80.6303822,"Ritter, Colleton County, South Carolina, United States",low,32.8099699,-80.3503307,low
DESC_26,Dominion Energy South Carolina,SC,VCS2-Ward 230kV: Rebuild Line,Rebuild 40 miles of 230 kV line.,This project is required to address end of life and maintenance issues.,Planned,DESC,,2029-12-31,30000000.0,230.0,"DESC SCRTP project list, ID 06810 F",26,VCS2,,,,,WARD,33.87218,-81.6977228,Ward Substation,medium,33.87218,-81.6977228,medium
DESC_27,Dominion Energy South Carolina,SC,Goose Creek Reservoir: Rebuild Transmission Line Crossings,Rebuilding the Williams Goose Creek 230 and 115 kV lines and the Williams - Faber Place 230 kV line across the Goose Creek Reservoir.,This project is required to address end of life and maintenance issues.,In Progress,DESC,,2024-12-31,9655669.0,,"DESC SCRTP project list, ID 06810 G",27,GOOSE CREEK RESERVOIR,,,,,,,,,,,,unlocated
DESC_28,Dominion Energy South Carolina,SC,Summerville 115kV Loop: Rebuild,Replacing several wood pole sections on the Summerville 115 kV Loop that have reached the end of life.,This project is required to address end of life and maintenance issues.,In Progress,DESC,,2024-12-31,12475000.0,115.0,"DESC SCRTP project list, ID 06810 H",28,SUMMERVILLE,32.9873703,-80.2208317,Summerville Wastewater Treatment Substation,medium,,,,,,32.9873703,-80.2208317,medium
DESC_29,Dominion Energy South Carolina,SC,St George - Sumter 230kV Tie: Rebuild Line from Santee Substation - Duke/Progress Energy Tie,Rebuild Line from Santee Substation - Duke/Progress Energy Tie.,Grid hardening.,Planned,DESC,,2025-12-31,4000000.0,230.0,"DESC SCRTP project list, ID 6809 M",29,SAINT GEORGE,33.199388,-80.5920086,Saint George Switching Station,medium,SUMTER,33.8976611,-80.3239761,Sumter Substation,medium,33.548524549999996,-80.45799235,medium
DESC_30,Dominion Energy South Carolina,SC,Coit – Gills Creek 115kV: Construct,Convert the existing Coit - Gills Creek 33 kV Line to 115 kV. Approximately 1.25 miles. Construct Gills Creek Terminal at Coit Bus #1.,Load growth.,In Progress,DESC,,2024-12-31,2509602.0,115.0,"DESC SCRTP project list, ID 5392 A-C",30,COIT,,,,,GILLS CREEK,,,,,,,unlocated
DESC_31,Dominion Energy South Carolina,SC,Hooks - Thurmond 115kV Tie: Rebuild,"Rebuilding section of line between Hooks and Thurmond. Approximately 2.3 miles. The line will be rebuilt on existing R/W using steel poles, 115 kV insulation, and 1272 ACSR conductor.",This project is required to address end of life and reliability issues on these lines.,In Progress,DESC,,2024-12-31,2200080.0,115.0,"DESC SCRTP project list, ID 6810 A",31,HOOKS,,,,,THURMOND,33.660127,-82.195931,THURMOND,manual,33.660127,-82.195931,high
DESC_32,Dominion Energy South Carolina,SC,Batesburg - Saluda County 115kV: Rebuild,Rebuild 13.5 miles of conductor.,Grid hardening.,In Progress,DESC,,2025-12-31,8750000.0,115.0,"DESC SCRTP project list, ID 6809 N",32,BATESBURG,33.9134867,-81.5644353,Batesburg Substation,medium,SALUDA COUNTY,34.0008125,-81.7468082,"Saluda County, South Carolina, 29138, United States",low,33.9571496,-81.65562175,low
DESC_33,Dominion Energy South Carolina,SC,Scout 230 kV Sub and Fold-in: Construct,Construct 230kV Transmission Line for Scout Customer Substation and modify VCS1 and Killian terminals.,Load growth.,In Progress,DESC,,2026-03-31,23685000.0,230.0,"DESC SCRTP project list, ID 6853 B-F",33,SCOUT,32.3596409,-80.6976071,"Scout Island, Port Royal, Beaufort County, South Carolina, 2",low,,,,,,32.3596409,-80.6976071,low
DESC_34,Dominion Energy South Carolina,SC,Dawson 230kV Sub and Fold-in: Construct and Rebuild,Construct Dawson 230kV substation. Fold in the existing Canadys – Church Creek and Canadys – Faber Place 230kV lines at the Dawson 230kV substation (phase 1). Rebuild Canadys – Dawson 230kV #1 and #2 with B1272 ACSR (phase 2).,Load growth.,In Progress,DESC,,2025-10-01,93538207.0,230.0,"DESC SCRTP project list, ID 6859",34,DAWSON,33.2268344,-79.6553488,"Dawson Ridge, Berkeley County, South Carolina, 29453, United",low,,,,,,33.2268344,-79.6553488,low
DESC_35,Dominion Energy South Carolina,SC,Urquhart – Toolebeck 115kV line: Rebuild,Upgrade the 477 ACSR portions of the Urquhart – Toolebeck 115 kV line to 1272 ACSR. Replace existing structures with Single Pole Double Circuit Structures. Approximately 12.5 miles.,This project is needed to improve system performance and to meet NERC TPL and internal DESC Planning Criteria for reliability.,In Progress,DESC,,2026-08-12,17520000.0,115.0,"DESC SCRTP project list, ID 6852",35,URQUHART,33.4333777,-81.909209,Urquhart Station,high,TOOLEBECK,33.5346321,-81.6693272,Toolebeck Substation,medium,33.4840049,-81.7892681,medium
DESC_36,Dominion Energy South Carolina,SC,Williams-Summerville 230kV: Upgrade to SPDC B1272 ACSR,Rebuild the section of the Williams - Summerville 230 kV line from Ladson Jct to Williams. Line to upgraded to B-1272 and designed for a future second circuit. Approximately 10 miles.,This project is needed to improve system performance and to meet NERC TPL and internal DESC Planning Criteria for reliability.,Planned,DESC,,2027-05-01,19300000.0,230.0,"DESC SCRTP project list, ID 6388 A",36,WILLIAMS,33.0176985,-79.9321678,Williams Substation,medium,SUMMERVILLE,32.9873703,-80.2208317,Summerville Wastewater Treatment Substation,medium,33.0025344,-80.07649975000001,medium
DESC_37,Dominion Energy South Carolina,SC,Cainhoy 115 kV Tap: Construct,Construct a 115 kV tap from Cainhoy to Clements Ferry. Approximately 2.8 miles. Construct terminal at Cainhoy.,Load growth.,Planned,DESC,,2027-12-31,21850000.0,115.0,"DESC SCRTP project list, ID 0147 C, K",37,CAINHOY,32.941402,-79.8422757,Cainhoy Substation,high,,,,,,32.941402,-79.8422757,high
DESC_38,Dominion Energy South Carolina,SC,Jack Primus 115 kV Tap: Construct,Construct a 115 kV tap from Jack Primus to Clements Ferry. Approximately 2.2 miles. Construct terminals at Jack Primus.,Load growth.,Planned,DESC,,2027-12-31,18000000.0,115.0,"DESC SCRTP project list, ID 0147 B, J",38,JACK PRIMUS,32.9193841,-79.9044954,Jack Primus Substation,high,,,,,,32.9193841,-79.9044954,high
DESC_39,Dominion Energy South Carolina,SC,Church Creek – Faber Place – Charleston Transmission: Add 230kV Line,"Construct a 230 kV transmission line from Church Creek to Charleston Transmission. The Church Creek – Faber Place 230kV and 115kV lines will be rebuilt, and a 230kV line will be added between Faber Place and Charleston Transmission. Add 230/115kV transformer at Charleston Transmission. Add/upgrade terminals and bus work at impacted substations.",This project is needed to improve system performance and to meet NERC TPL and internal DESC Planning Criteria for reliability.,In Progress,DESC,,2027-05-01,34174682.0,230.0,"DESC SCRTP project list, ID 6847 A-B, D-H",39,CHURCH CREEK,32.8303196,-80.0702792,Church Creek Substation,medium,FABER PLACE,32.8500798,-80.0146241,Faber Place Substation,medium,32.8401997,-80.04245165,medium
DESC_40,Dominion Energy South Carolina,SC,Eastover – Sumter 115kV DEP Tie: Rebuild with 1272 ACSR,Upgrade the DESC section (approx. 1 mile) of the tie line from 397.5 ACSR Ibis to 1272 ACSR.,This project is needed to improve system performance and to meet NERC TPL and internal DESC Planning Criteria for reliability.,Planned,DESC,,2026-05-31,1100000.0,115.0,"DESC SCRTP project list, ID 6846 A",40,EASTOVER,33.9202036,-80.6536372,Eastover Solar,medium,SUMTER,33.8976611,-80.3239761,Sumter Substation,medium,33.90893235,-80.48880665,medium
DESC_41,Dominion Energy South Carolina,SC,Cameron Jct – Elloree 46 kV Rebuild,Rebuilding the Cameron Jct – Elloree 46 kV Line. 7.3 miles.,System hardening,Planned,DESC,,2026-12-31,4500000.0,46.0,"DESC SCRTP project list, ID 6810 U",41,CAMERON JUNCTION,,,,,ELLOREE,33.5323844,-80.5797245,Elloree Substation,medium,33.5323844,-80.5797245,medium
DESC_42,Dominion Energy South Carolina,SC,Elloree – Santee City 46 kV: Rebuild,Rebuilding the 46 kV line between Elloree and Santee City. 7 miles.,System hardening,Planned,DESC,,2027-12-31,4500000.0,46.0,"DESC SCRTP project list, ID 6810 J",42,ELLOREE,33.5323844,-80.5797245,Elloree Substation,medium,SANTEE CITY,,,,,33.5323844,-80.5797245,medium
DESC_43,Dominion Energy South Carolina,SC,Urquhart – Aiken PSA 46 kV: Rebuild,Rebuilding the section of 46 kV line from Urquhart to the Aiken PSA tap point. TBD if the scope of this project includes rebuilding the actual tap Aiken PSA. 4.5 miles.,System hardening,Planned,DESC,,2027-12-31,3000000.0,46.0,"DESC SCRTP project list, ID 6810 O",43,URQUHART,33.4333777,-81.909209,Urquhart Station,high,AIKEN PSA,,,,,33.4333777,-81.909209,high
DESC_44,Dominion Energy South Carolina,SC,Cameron Jct – Cameron – St Matthews 46 kV Rebuild,Rebuilding the 46 kV line between Cameron Jct and St Matthews. 9.8 miles.,System hardening.,Planned,DESC,,2028-12-31,5900000.0,46.0,"DESC SCRTP project list, ID 6810 T",44,CAMERON JUNCTION,,,,,CAMERON,33.5636663,-80.7089959,Cameron Substation,medium,33.5636663,-80.7089959,medium
GPC_19523,Georgia Power,GA,SAV: CC - HYUNDAI MOTORS SAVANNAH AKA. PROJECT EA,,,Planned,SAV,219.0,2025-01-01,,,"GA ITS 10-Year Plan (GPC 2025 IRP Vol. 3), TEAMS #19523",177,HYUNDAI MOTORS SAVANNAH AKA,,,,,,,,,,,,unlocated
GPC_18670,Georgia Power,GA,GTC: BANKS CROSSING - POND FORK 115 KV,,,Planned,GTC,212.0,2025-05-01,,115.0,"GA ITS 10-Year Plan (GPC 2025 IRP Vol. 3), TEAMS #18670",177,BANKS CROSSING,34.2567734,-83.4640511,"Banks Crossing, Banks County, Georgia, 30529, United States",low,POND FORK,,,,,34.2567734,-83.4640511,low
GPC_18492,Georgia Power,GA,MITCHELL - NORTH TIFTON 230KV RECONDUCTOR,,,Planned,GPC,216.0,2025-05-01,,230.0,"GA ITS 10-Year Plan (GPC 2025 IRP Vol. 3), TEAMS #18492",177,MITCHELL,31.447121,-84.133843,MITCHELL,manual,NORTH TIFTON,31.478089,-83.54913,NORTH TIFTON,manual,31.462605,-83.8414865,high
GPC_19676,Georgia Power,GA,ADAMSVILLE - JACK MCDONOUGH 230KV LINE REBUILD,,,Planned,GPC,206.0,2025-06-01,,230.0,"GA ITS 10-Year Plan (GPC 2025 IRP Vol. 3), TEAMS #19676",177,ADAMSVILLE,34.3687208,-84.9412395,Adairsville Substation,low,JACK MCDONOUGH,,,,,34.3687208,-84.9412395,low
GPC_18800,Georgia Power,GA,ECHECONNEE-WELLSTON 115KV REBUILD,,,Planned,GPC,214.0,2025-06-01,,115.0,"GA ITS 10-Year Plan (GPC 2025 IRP Vol. 3), TEAMS #18800",177,ECHECONNEE,32.6851436,-83.700462,"Echeconnee, Houston County, Georgia, 31216, United States",low,WELLSTON,32.6200973,-83.606568,"Warner Robins, Houston County, Georgia, United States",low,32.65262045,-83.653515,low
GPC_19187,Georgia Power,GA,GRID - BREMEN - CROOKED CREEK (APC) 115 KV PROJECT,,,Planned,GPC,211.0,2025-06-01,,115.0,"GA ITS 10-Year Plan (GPC 2025 IRP Vol. 3), TEAMS #19187",177,BREMEN,33.7079198,-85.1429496,Bremen Switching Station,medium,CROOKED CREEK,,,,,33.7079198,-85.1429496,medium
GPC_18153,Georgia Power,GA,GTC: BONAIRE PRI- ECHECONNEE 115 KV PARTIAL REBUILD,,,Planned,GTC,214.0,2025-06-01,,115.0,"GA ITS 10-Year Plan (GPC 2025 IRP Vol. 3), TEAMS #18153",177,BONAIRE PRIMARY,32.5647949,-83.6000226,Bonaire Primary Substation,high,ECHECONNEE,32.6851436,-83.700462,"Echeconnee, Houston County, Georgia, 31216, United States",low,32.62496925000001,-83.6502423,low
GPC_20342,Georgia Power,GA,GTC: CAMDEN INDUSTRIAL PARK 230/115KV NEW SUBSTATION,,,Planned,GTC,218.0,2025-06-01,,115.0,"GA ITS 10-Year Plan (GPC 2025 IRP Vol. 3), TEAMS #20342",177,CAMDEN INDUSTRIAL PARK,,,,,,,,,,,,unlocated
GPC_20590,Georgia Power,GA,GTC: EATONTON PRIMARY - LICK CREEK 115KV LINE SWITCH REPLACEMENT,,,Planned,GTC,214.0,2025-06-01,,115.0,"GA ITS 10-Year Plan (GPC 2025 IRP Vol. 3), TEAMS #20590",177,EATONTON PRIMARY,,,,,LICK CREEK,,,,,,,unlocated
GPC_11821,Georgia Power,GA,JESUP - LUDOWICI PRIMARY 115KV REBUILD,,,Planned,GPC,218.0,2025-06-01,,115.0,"GA ITS 10-Year Plan (GPC 2025 IRP Vol. 3), TEAMS #11821",177,JESUP,31.603106,-81.924947,JESUP,manual,LUDOWICI PRIMARY,31.721597,-81.743703,LUDOWICI PRIMARY,manual,31.6623515,-81.834325,high
GPC_13753,Georgia Power,GA,MEAG: ALCOVY ROAD - SKC 115 KV RECONDUCTOR,,,Planned,MEAG,206.0,2025-06-01,,115.0,"GA ITS 10-Year Plan (GPC 2025 IRP Vol. 3), TEAMS #13753",177,ALCOVY ROAD,,,,,SKC,,,,,,,unlocated
GPC_13787,Georgia Power,GA,MEAG: AULTMAN ROAD - BONAIRE PRIMARY 115 KV REBUILD,,,Planned,MEAG,214.0,2025-06-01,,115.0,"GA ITS 10-Year Plan (GPC 2025 IRP Vol. 3), TEAMS #13787",177,AULTMAN ROAD,,,,,BONAIRE PRIMARY,32.5647949,-83.6000226,Bonaire Primary Substation,high,32.5647949,-83.6000226,high
GPC_20464,Georgia Power,GA,NORCROSS 230KV BUS 1-3 SERIES BUS TIE BREAKER INSTALLATION,,,Planned,GPC,202.0,2025-06-01,,230.0,"GA ITS 10-Year Plan (GPC 2025 IRP Vol. 3), TEAMS #20464",177,NORCROSS,33.9325571,-84.2134303,Norcross Substation,high,,,,,,33.9325571,-84.2134303,high
GPC_19631,Georgia Power,GA,PINE GROVE PRIMARY 115 KV DUAL STAGE CAPACITOR BANK,,,Planned,GPC,216.0,2025-06-01,,115.0,"GA ITS 10-Year Plan (GPC 2025 IRP Vol. 3), TEAMS #19631",178,PINE GROVE PRIMARY,30.8816485,-83.2279869,Pine Grove Primary Substation,high,,,,,,30.8816485,-83.2279869,high
GPC_20067,Georgia Power,GA,SAV: DEPTFORD - MAGNOLIA 115KV RECONDUCTOR,,,Planned,SAV,219.0,2025-06-01,,115.0,"GA ITS 10-Year Plan (GPC 2025 IRP Vol. 3), TEAMS #20067",178,DEPTFORD,,,,,MAGNOLIA,32.0226869,-81.0861807,Magnolia Substation,high,32.0226869,-81.0861807,high
GPC_20466,Georgia Power,GA,SMART VALVE INSTALLATION,,,Planned,GPC,214.0,2025-06-01,,,"GA ITS 10-Year Plan (GPC 2025 IRP Vol. 3), TEAMS #20466",178,SMART VALVE,,,,,,,,,,,,unlocated
GPC_21046,Georgia Power,GA,THALMANN AND COLERAIN 23O KV LINE RELAY PANEL UPGRADES,,,Planned,GPC,218.0,2025-06-01,,,"GA ITS 10-Year Plan (GPC 2025 IRP Vol. 3), TEAMS #21046",178,THALMANN,31.2934589,-81.6807807,Thalmann Substation,high,,,,,,31.2934589,-81.6807807,high
GPC_20431,Georgia Power,GA,VILLA RICA LOW SIDE BREAKER,,,Planned,GPC,211.0,2025-06-01,,,"GA ITS 10-Year Plan (GPC 2025 IRP Vol. 3), TEAMS #20431",178,VILLA RICA,33.7410224,-84.8548652,Villa Rica Substation,medium,,,,,,33.7410224,-84.8548652,medium
GPC_20684,Georgia Power,GA,CAMDEN INDUSTRIAL PARK (GPC),,,Planned,GPC,218.0,2025-06-01,,,"GA ITS 10-Year Plan (GPC 2025 IRP Vol. 3), TEAMS #20684",178,CAMDEN INDUSTRIAL PARK,,,,,,,,,,,,unlocated
GPC_18774,Georgia Power,GA,GTC: HEARD COUNTY - TENASKA 500KV (SECOND LINE),,,Planned,GTC,213.0,2025-12-01,,500.0,"GA ITS 10-Year Plan (GPC 2025 IRP Vol. 3), TEAMS #18774",178,HEARD COUNTY,33.358678,-84.9942221,Heard County Substation,medium,TENASKA,33.3516272,-84.9980901,Tenaska Georgia Substation,high,33.3551526,-84.99615610000001,medium
GPC_18889,Georgia Power,GA,JEFFERSON STREET#3 - NORTHWEST (WHITE) 115 KV RECONDUCTOR,,,Planned,GPC,206.0,2025-12-01,,115.0,"GA ITS 10-Year Plan (GPC 2025 IRP Vol. 3), TEAMS #18889",178,JEFFERSON STREET,,,,,NORTHWEST,,,,,,,unlocated
GPC_20326,Georgia Power,GA,ANTHONY SHOALS STATCOM SYSTEM,,,Planned,GPC,212.0,2025-12-31,,,"GA ITS 10-Year Plan (GPC 2025 IRP Vol. 3), TEAMS #20326",178,ANTHONY SHOALS,34.0018324,-82.6362788,Anthony Shoals Substation,high,,,,,,34.0018324,-82.6362788,high
GPC_20152,Georgia Power,GA,CC - CASS PINE- HILL VIEW 230 KV LINE- CC IMPROVEMENTS,,,Planned,GPC,211.0,2025-12-31,,230.0,"GA ITS 10-Year Plan (GPC 2025 IRP Vol. 3), TEAMS #20152",178,CASS PINE,,,,,HILL VIEW,,,,,,,unlocated
GPC_20175,Georgia Power,GA,CC - PROJECT CHRONOS- SK/HYUNDAI,,,Planned,GPC,211.0,2025-12-31,,,"GA ITS 10-Year Plan (GPC 2025 IRP Vol. 3), TEAMS #20175",178,PROJECT CHRONOS,,,,,,,,,,,,unlocated
GPC_20010,Georgia Power,GA,GTC: ANTHONY SHOALS - WASHINGTON 115 KV LINE REBUILD,,,Planned,GTC,215.0,2025-12-31,,115.0,"GA ITS 10-Year Plan (GPC 2025 IRP Vol. 3), TEAMS #20010",178,ANTHONY SHOALS,34.0018324,-82.6362788,Anthony Shoals Substation,high,WASHINGTON,33.73238,-82.7512503,Washington Switching Station,high,33.867106199999995,-82.69376455,high
GPC_17075,Georgia Power,GA,SAV: LITTLE OGEECHEE 230- 115KV: RELAY MODERNIZATION,,,Planned,SAV,219.0,2025-12-31,,230.0,"GA ITS 10-Year Plan (GPC 2025 IRP Vol. 3), TEAMS #17075",178,LITTLE OGEECHEE,32.0067859,-81.2531513,Little Ogeechee Substation,high,,,,,,32.0067859,-81.2531513,high
GPC_18691,Georgia Power,GA,GTC: LIZARD LOPE - WESTOVER 115 KV NEW LINE,,,Planned,GTC,216.0,2026-03-01,,115.0,"GA ITS 10-Year Plan (GPC 2025 IRP Vol. 3), TEAMS #18691",178,LIZARD LOPE,,,,,WESTOVER,31.58934,-84.2112979,"Westover, Albany, Dougherty County, Georgia, 31707, United S",low,31.58934,-84.2112979,low
GPC_20018,Georgia Power,GA,CC - QTS FAYETTEVILLE TRANSMISSION NEEDS,,,Planned,GPC,208.0,2026-04-01,,,"GA ITS 10-Year Plan (GPC 2025 IRP Vol. 3), TEAMS #20018",178,QTS FAYETTEVILLE,,,,,,,,,,,,unlocated
GPC_19597,Georgia Power,GA,ADAMSVILLE - BUZZARD ROOST 230KV REBUILD AND JUMPER UPGRADE,,,Planned,GPC,208.0,2026-06-01,,230.0,"GA ITS 10-Year Plan (GPC 2025 IRP Vol. 3), TEAMS #19597",179,ADAMSVILLE,34.3687208,-84.9412395,Adairsville Substation,low,BUZZARD ROOST,,,,,34.3687208,-84.9412395,low
GPC_18960,Georgia Power,GA,BLANKETS CREEK – WOODSTOCK 115KV LINE REBUILD,,,Planned,GPC,201.0,2026-06-01,,115.0,"GA ITS 10-Year Plan (GPC 2025 IRP Vol. 3), TEAMS #18960",179,BLANKETS CREEK,34.1857567,-84.5080123,Blankets Creek Substation,high,WOODSTOCK,34.0852701,-84.5134557,Woodstock Substation,high,34.1355134,-84.510734,high
GPC_20243,Georgia Power,GA,CC - GARRETT ROAD SWITCHING STATION - TRAE LANE,,,Planned,GPC,201.0,2026-06-01,,,"GA ITS 10-Year Plan (GPC 2025 IRP Vol. 3), TEAMS #20243",179,GARRETT ROAD,,,,,TRAE LANE,,,,,,,unlocated
GPC_20216,Georgia Power,GA,CC - STONEWALL TELL ROAD (TA REALTY),,,Planned,GPC,208.0,2026-06-01,,,"GA ITS 10-Year Plan (GPC 2025 IRP Vol. 3), TEAMS #20216",179,STONEWALL TELL ROAD,,,,,,,,,,,,unlocated
GPC_18679,Georgia Power,GA,DU: EAST DALTON - OOSTANAULA 115KV REBUILD,,,Planned,DU,211.0,2026-06-01,,115.0,"GA ITS 10-Year Plan (GPC 2025 IRP Vol. 3), TEAMS #18679",179,EAST DALTON,,,,,OOSTANAULA,34.4814762,-85.0143897,"Oostanaula, Gordon County, Georgia, 30703, United States",low,34.4814762,-85.0143897,low
GPC_20491,Georgia Power,GA,EAST POINT RELAY MODERNIZATION,,,Planned,GPC,208.0,2026-06-01,,,"GA ITS 10-Year Plan (GPC 2025 IRP Vol. 3), TEAMS #20491",179,EAST POINT,33.6763499,-84.4629659,East Point Primary Substation,high,,,,,,33.6763499,-84.4629659,high
GPC_16007,Georgia Power,GA,FENWICK STREET - SAND BAR FERRY 115KV (RECONDUCTOR/REBUILD),,,Planned,GPC,215.0,2026-06-01,,115.0,"GA ITS 10-Year Plan (GPC 2025 IRP Vol. 3), TEAMS #16007",179,FENWICK STREET,,,,,SAND BAR FERRY,,,,,,,unlocated
GPC_20516,Georgia Power,GA,"GOAT ROCK 230KV SWITCH, JUMPER, & LINE TRAP REPLACEMENT",,,Planned,GPC,213.0,2026-06-01,,230.0,"GA ITS 10-Year Plan (GPC 2025 IRP Vol. 3), TEAMS #20516",179,GOAT ROCK,32.609561,-85.0805557,Goat Rock Dam,high,,,,,,32.609561,-85.0805557,high
GPC_19618,Georgia Power,GA,GORDON-N DUBLIN 115KV (GORDON-ENGL MCI J) REBUILD,,,Planned,GPC,214.0,2026-06-01,,115.0,"GA ITS 10-Year Plan (GPC 2025 IRP Vol. 3), TEAMS #19618",179,GORDON,32.8824706,-83.3169141,Gordon Substation,high,N DUBLIN,32.5404447,-82.903754,"Dublin, Laurens County, Georgia, United States",low,32.71145765,-83.11033405,low
GPC_21139,Georgia Power,GA,GRADY - MORROW (WHITE) 115KV REBUILD,,,Planned,GPC,206.0,2026-06-01,,115.0,"GA ITS 10-Year Plan (GPC 2025 IRP Vol. 3), TEAMS #21139",179,GRADY,,,,,MORROW,33.605931,-84.3334617,Morrow Substation,high,33.605931,-84.3334617,high
GPC_20474,Georgia Power,GA,GRADY 230/115KV RELAY MODERNIZATION,,,Planned,GPC,206.0,2026-06-01,,115.0,"GA ITS 10-Year Plan (GPC 2025 IRP Vol. 3), TEAMS #20474",179,GRADY,30.5758288,-85.0308207,Grady Substation,medium,,,,,,30.5758288,-85.0308207,medium
GPC_19706,Georgia Power,GA,GRID - GAINESVILLE #2 EQUIPMENT REPLACEMENT,,,Planned,GPC,212.0,2026-06-01,,,"GA ITS 10-Year Plan (GPC 2025 IRP Vol. 3), TEAMS #19706",179,GAINESVILLE,34.263022,-83.8096728,Gainesville Substation #2,high,,,,,,34.263022,-83.8096728,high
GPC_21137,Georgia Power,GA,GTC: CONYERS - CORNISH MOUNTAIN 115KV LINE UPGRADE,,,Planned,GTC,206.0,2026-06-01,,115.0,"GA ITS 10-Year Plan (GPC 2025 IRP Vol. 3), TEAMS #21137",179,CONYERS,33.6676103,-84.0176904,"Conyers, Rockdale County, Georgia, United States",low,CORNISH MOUNTAIN,,,,,33.6676103,-84.0176904,low
GPC_19334,Georgia Power,GA,GTC: LAGRANGE - NORTH OPELIKA 230 KV,,,Planned,GTC,213.0,2026-06-01,,230.0,"GA ITS 10-Year Plan (GPC 2025 IRP Vol. 3), TEAMS #19334",179,LAGRANGE,33.0241058,-85.0156804,LaGrange Primary Substation,high,NORTH OPELIKA,,,,,33.0241058,-85.0156804,high
GPC_20015,Georgia Power,GA,GTC: MORNING HORNET 2ND 230/115 KV BANK & THUMBS UP 115KV TL,,,Planned,GTC,212.0,2026-06-01,,115.0,"GA ITS 10-Year Plan (GPC 2025 IRP Vol. 3), TEAMS #20015",179,MORNING HORNET 2ND,,,,,,,,,,,,unlocated
GPC_19999,Georgia Power,GA,GTC: ROBINS SPRING BUS REPLACEMENT,,,Planned,GTC,214.0,2026-06-01,,,"GA ITS 10-Year Plan (GPC 2025 IRP Vol. 3), TEAMS #19999",180,ROBINS SPRING,33.0054267,-82.8797626,Robins Spring Substation,high,,,,,,33.0054267,-82.8797626,high
GPC_20001,Georgia Power,GA,GTC: ROBINS SPRING CAPACITOR BANK INSTALLATION,,,Planned,GTC,214.0,2026-06-01,,,"GA ITS 10-Year Plan (GPC 2025 IRP Vol. 3), TEAMS #20001",180,ROBINS SPRING,33.0054267,-82.8797626,Robins Spring Substation,high,,,,,,33.0054267,-82.8797626,high
GPC_19636,Georgia Power,GA,HAMMOND - WEISS DAM 115KV LINE REBUILD,,,Planned,GPC,211.0,2026-06-01,,115.0,"GA ITS 10-Year Plan (GPC 2025 IRP Vol. 3), TEAMS #19636",180,HAMMOND,34.2512064,-85.34558,Hammod Substation,low,WEISS DAM,,,,,34.2512064,-85.34558,low
GPC_20512,Georgia Power,GA,KATHLEEN AREA IMPROVEMENTS,,,Planned,GPC,214.0,2026-06-01,,,"GA ITS 10-Year Plan (GPC 2025 IRP Vol. 3), TEAMS #20512",180,KATHLEEN,32.495294,-83.6099696,"Kathleen, Houston County, Georgia, 31047, United States",low,,,,,,32.495294,-83.6099696,low
GPC_20490,Georgia Power,GA,KLONDIKE RELAY MODERNIZATION,,,Planned,GPC,206.0,2026-06-01,,,"GA ITS 10-Year Plan (GPC 2025 IRP Vol. 3), TEAMS #20490",180,KLONDIKE,33.6369768,-84.124487,Klondike Substation,high,,,,,,33.6369768,-84.124487,high
GPC_19598,Georgia Power,GA,MEAG: DRESDEN - LAGRANGE PRIMARY 230KV UPGRADE & JUMPERS,,,Planned,MEAG,213.0,2026-06-01,,230.0,"GA ITS 10-Year Plan (GPC 2025 IRP Vol. 3), TEAMS #19598",180,DRESDEN,33.3511155,-84.9059539,Dresden Substation,medium,LAGRANGE PRIMARY,33.0241058,-85.0156804,LaGrange Primary Substation,high,33.187610649999996,-84.96081715,medium
GPC_20270,Georgia Power,GA,MEAG: RAY PLACE RD - WASHINGTON #3,,,Planned,MEAG,215.0,2026-06-01,,,"GA ITS 10-Year Plan (GPC 2025 IRP Vol. 3), TEAMS #20270",180,RAY PLACE RD,33.4682585,-82.8197717,Ray Place Road Switching Station,low,WASHINGTON,33.73238,-82.7512503,Washington Switching Station,high,33.60031925,-82.785511,low
GPC_20271,Georgia Power,GA,MEAG: RAY PLACE RD - WASHINGTON (WASHINGTON - WASHINGTON 3),,,Planned,MEAG,215.0,2026-06-01,,,"GA ITS 10-Year Plan (GPC 2025 IRP Vol. 3), TEAMS #20271",180,RAY PLACE RD,33.4682585,-82.8197717,Ray Place Road Switching Station,low,WASHINGTON,33.73238,-82.7512503,Washington Switching Station,high,33.60031925,-82.785511,low
GPC_20300,Georgia Power,GA,MORROW 115KV RELAY UPGRADE,,,Planned,GPC,208.0,2026-06-01,,115.0,"GA ITS 10-Year Plan (GPC 2025 IRP Vol. 3), TEAMS #20300",180,MORROW,33.605931,-84.3334617,Morrow Substation,high,,,,,,33.605931,-84.3334617,high
GPC_18690,Georgia Power,GA,PALMYRA REACTOR REMOVAL,,,Planned,GPC,216.0,2026-06-01,,,"GA ITS 10-Year Plan (GPC 2025 IRP Vol. 3), TEAMS #18690",180,PALMYRA,31.6376726,-84.1943534,"Palmyra, Lee County, Georgia, 31650, United States",low,,,,,,31.6376726,-84.1943534,low
GPC_20066,Georgia Power,GA,SAV: BOULEVARD - DEPTFORD 115KV RECONDUCTOR,,,Planned,SAV,219.0,2026-06-01,,115.0,"GA ITS 10-Year Plan (GPC 2025 IRP Vol. 3), TEAMS #20066",180,BOULEVARD,32.0412308,-81.1444637,Boulevard Substation,high,DEPTFORD,,,,,32.0412308,-81.1444637,high
GPC_19966,Georgia Power,GA,SAV: CC - BIG OGEECHEE 500/230KV (CC NETWORK IMPROVEMENTS),,,Planned,SAV,219.0,2026-06-01,,230.0,"GA ITS 10-Year Plan (GPC 2025 IRP Vol. 3), TEAMS #19966",180,BIG OGEECHEE,,,,,,,,,,,,unlocated
GPC_20277,Georgia Power,GA,SAV: MCINTOSH - PURRYSBURG 230KV REACTORS,,,Planned,SAV,219.0,2026-06-01,,230.0,"GA ITS 10-Year Plan (GPC 2025 IRP Vol. 3), TEAMS #20277",180,MCINTOSH,32.352116,-81.175112,MCINTOSH,manual,PURRYSBURG,,,,,32.352116,-81.175112,high
GPC_20489,Georgia Power,GA,SCOTTDALE RELAY MODERNIZATION,,,Planned,GPC,206.0,2026-06-01,,,"GA ITS 10-Year Plan (GPC 2025 IRP Vol. 3), TEAMS #20489",180,SCOTTDALE,33.797108,-84.2699125,"Scottdale, Clarkston, DeKalb County, Georgia, 30079, United ",low,,,,,,33.797108,-84.2699125,low
GPC_17900,Georgia Power,GA,UNION CITY - YATES 230 KV WHITE LINE REBUILD,,,Planned,GPC,208.0,2026-04-01,,230.0,"GA ITS 10-Year Plan (GPC 2025 IRP Vol. 3), TEAMS #17900",180,UNION CITY,33.5870558,-84.5424299,"Union City, Fulton County, Georgia, United States",low,YATES,33.4576339,-84.8969584,Plant Yates,high,33.522344849999996,-84.71969415000001,low
GPC_20691,Georgia Power,GA,UNION CITY - YATES 230KV (WHITE) SWITCH AND TRAP REPLACEMENT,,,Planned,GPC,208.0,2026-06-01,,230.0,"GA ITS 10-Year Plan (GPC 2025 IRP Vol. 3), TEAMS #20691",181,UNION CITY,33.5870558,-84.5424299,"Union City, Fulton County, Georgia, United States",low,YATES,33.4576339,-84.8969584,Plant Yates,high,33.522344849999996,-84.71969415000001,low
GPC_20223,Georgia Power,GA,CC - PROJECT PAYTON BAINBRIDGE,,,Planned,GPC,216.0,2026-06-30,,,"GA ITS 10-Year Plan (GPC 2025 IRP Vol. 3), TEAMS #20223",181,PROJECT PAYTON BAINBRIDGE,,,,,,,,,,,,unlocated
GPC_21022,Georgia Power,GA,OHARA BREAKER REPLACEMENT,,,Planned,GPC,208.0,2026-10-01,,,"GA ITS 10-Year Plan (GPC 2025 IRP Vol. 3), TEAMS #21022",181,OHARA,,,,,,,,,,,,unlocated
GPC_20668,Georgia Power,GA,DRESDEN LINE PROTECTIVE RELAYING,,,Planned,GPC,208.0,2026-12-01,,,"GA ITS 10-Year Plan (GPC 2025 IRP Vol. 3), TEAMS #20668",181,DRESDEN,33.3511155,-84.9059539,Dresden Substation,medium,,,,,,33.3511155,-84.9059539,medium
GPC_20874,Georgia Power,GA,GTC: BARNESVILLE PRIMARY- BARNESVILLE #1 115KV RECONDUCTOR,,,Planned,GTC,213.0,2026-12-01,,115.0,"GA ITS 10-Year Plan (GPC 2025 IRP Vol. 3), TEAMS #20874",181,BARNESVILLE PRIMARY,33.0320694,-84.2012582,Barnesville Primary Substation,high,BARNESVILLE,33.0320694,-84.2012582,Barnesville Primary Substation,high,33.0320694,-84.2012582,high
GPC_20273,Georgia Power,GA,GTC: DRESDEN 500KV BUS EXPANSION,,,Planned,GTC,208.0,2026-12-01,,500.0,"GA ITS 10-Year Plan (GPC 2025 IRP Vol. 3), TEAMS #20273",181,DRESDEN,33.3511155,-84.9059539,Dresden Substation,medium,,,,,,33.3511155,-84.9059539,medium
GPC_20002,Georgia Power,GA,GTC: GORDON - SANDERSVILLE #1 115KV LINE REBUILD,,,Planned,GTC,214.0,2026-12-01,,115.0,"GA ITS 10-Year Plan (GPC 2025 IRP Vol. 3), TEAMS #20002",181,GORDON,32.8824706,-83.3169141,Gordon Substation,high,SANDERSVILLE,32.9984771,-82.801938,Sandersville Substation #1,high,32.940473850000004,-83.05942605000001,high
GPC_20151,Georgia Power,GA,CC - CASS PINE 230/25 NEW SUB - QCELLS - CC IMPROVEMENTS,,,Planned,GPC,211.0,2026-12-31,,,"GA ITS 10-Year Plan (GPC 2025 IRP Vol. 3), TEAMS #20151",181,CASS PINE,,,,,,,,,,,,unlocated
GPC_19287,Georgia Power,GA,GRADY-WEST END 115KV REBUILD,,,Planned,GPC,206.0,2026-12-31,,115.0,"GA ITS 10-Year Plan (GPC 2025 IRP Vol. 3), TEAMS #19287",181,GRADY,30.5758288,-85.0308207,Grady Substation,medium,WEST END,,,,,30.5758288,-85.0308207,medium
GPC_19363,Georgia Power,GA,MORROW - MOUNTAIN VIEW 115 KV REBUILD,,,Planned,GPC,208.0,2026-12-31,,115.0,"GA ITS 10-Year Plan (GPC 2025 IRP Vol. 3), TEAMS #19363",181,MORROW,33.605931,-84.3334617,Morrow Substation,high,MOUNTAIN VIEW,33.6417761,-84.3902038,"Mountain View, Coxs Crossing, Clayton County, Georgia, 30321",low,33.62385355,-84.36183274999999,low
GPC_18832,Georgia Power,GA,MEAG: FORTSON 230KV SUBSTATION MODERNIZATION,,,Planned,MEAG,213.0,2027-01-13,,230.0,"GA ITS 10-Year Plan (GPC 2025 IRP Vol. 3), TEAMS #18832",181,FORTSON,32.6101653,-84.9156341,Fortson Substation,medium,,,,,,32.6101653,-84.9156341,medium
GPC_20509,Georgia Power,GA,CC - EMBLEM RIVERSIDE CUSTOMER SUB (FLEXENTIAL),,,Planned,GPC,201.0,2027-03-01,,,"GA ITS 10-Year Plan (GPC 2025 IRP Vol. 3), TEAMS #20509",181,EMBLEM RIVERSIDE CUSTOMER,,,,,,,,,,,,unlocated
GPC_19635,Georgia Power,GA,GTC: HICKORY LEVEL - VILLA RICA 230KV LINE RECONDUCTOR,,,Planned,GTC,211.0,2027-05-01,,230.0,"GA ITS 10-Year Plan (GPC 2025 IRP Vol. 3), TEAMS #19635",181,HICKORY LEVEL,,,,,VILLA RICA,33.7410224,-84.8548652,Villa Rica Substation,medium,33.7410224,-84.8548652,medium
GPC_19601,Georgia Power,GA,MORROW - YATES COMMON 115KV LINE UPGRADE,,,Planned,GPC,208.0,2027-05-01,,115.0,"GA ITS 10-Year Plan (GPC 2025 IRP Vol. 3), TEAMS #19601",181,MORROW,33.605931,-84.3334617,Morrow Substation,high,YATES COMMON,33.4616412,-84.9041978,Yates Common Substation,high,33.5337861,-84.61882975,high
GPC_15879,Georgia Power,GA,POSSUM BRANCH - YATES COMMON 115KV REBUILD (YATES TO CLEM),,,Planned,GPC,211.0,2027-05-01,,115.0,"GA ITS 10-Year Plan (GPC 2025 IRP Vol. 3), TEAMS #15879",181,POSSUM BRANCH,,,,,YATES COMMON,33.4616412,-84.9041978,Yates Common Substation,high,33.4616412,-84.9041978,high
GPC_20771,Georgia Power,GA,CC - GULLATT ROAD TRANSMISSION IMPROVEMENTS,,,Planned,GPC,208.0,2027-06-01,,,"GA ITS 10-Year Plan (GPC 2025 IRP Vol. 3), TEAMS #20771",182,GULLATT ROAD,,,,,,,,,,,,unlocated
GPC_18736,Georgia Power,GA,CC - MICROSOFT - SHUGART (CCO06),,,Planned,GPC,208.0,2027-06-01,,,"GA ITS 10-Year Plan (GPC 2025 IRP Vol. 3), TEAMS #18736",182,MICROSOFT,,,,,SHUGART,,,,,,,unlocated
GPC_20781,Georgia Power,GA,CC - SUMMER LAKE - VILLA RICA 230KV REBUILD (CC IMPROVMNT),,,Planned,GPC,201.0,2027-06-01,,230.0,"GA ITS 10-Year Plan (GPC 2025 IRP Vol. 3), TEAMS #20781",182,SUMMER LAKE,,,,,VILLA RICA,33.7410224,-84.8548652,Villa Rica Substation,medium,33.7410224,-84.8548652,medium
GPC_20736,Georgia Power,GA,CC - TA REALTY ELLENWOOD NETWORK IMPROVEMENTS,,,Planned,GPC,208.0,2027-06-01,,,"GA ITS 10-Year Plan (GPC 2025 IRP Vol. 3), TEAMS #20736",182,TA REALTY ELLENWOOD,,,,,,,,,,,,unlocated
GPC_20234,Georgia Power,GA,DOYLE - LG&E MONROE 230KV - JACKS CREEK LOOP IN,,,Planned,GPC,212.0,2027-06-01,,230.0,"GA ITS 10-Year Plan (GPC 2025 IRP Vol. 3), TEAMS #20234",182,DOYLE,33.8379245,-83.698786,Doyle Substation,high,,,,,,33.8379245,-83.698786,high
GPC_20858,Georgia Power,GA,GTC: ADAMSVILLE - BUZZARD ROOST 230KV REBUILD,,,Planned,GTC,201.0,2027-06-01,,230.0,"GA ITS 10-Year Plan (GPC 2025 IRP Vol. 3), TEAMS #20858",182,ADAMSVILLE,34.3687208,-84.9412395,Adairsville Substation,low,BUZZARD ROOST,,,,,34.3687208,-84.9412395,low
GPC_20776,Georgia Power,GA,GTC: DOUGLASVILLE - VILLA RICA 230KV REBUILD (CC IMPROVEMENT),,,Planned,GTC,201.0,2027-06-01,,230.0,"GA ITS 10-Year Plan (GPC 2025 IRP Vol. 3), TEAMS #20776",182,DOUGLASVILLE,33.7514966,-84.7477136,"Douglasville, Douglas County, Georgia, United States",low,VILLA RICA,33.7410224,-84.8548652,Villa Rica Substation,medium,33.7462595,-84.8012894,low
GPC_20778,Georgia Power,GA,GTC: DOYLE - WINDER PRIMARY 230KV LINE JUMPER REPLACEMENT,,,Planned,GTC,212.0,2027-06-01,,230.0,"GA ITS 10-Year Plan (GPC 2025 IRP Vol. 3), TEAMS #20778",182,DOYLE,33.8379245,-83.698786,Doyle Substation,high,WINDER PRIMARY,33.9954594,-83.7531307,Winder Primary Substation,high,33.91669195,-83.72595835,high
GPC_19358,Georgia Power,GA,GTC: EAST MOULTRIE - HIGHWAY 112 230 KV LINE,,,Planned,GTC,216.0,2027-06-01,,230.0,"GA ITS 10-Year Plan (GPC 2025 IRP Vol. 3), TEAMS #19358",182,EAST MOULTRIE,31.2421775,-83.7434741,East Moultrie Substation,high,HIGHWAY,31.9000772,-83.6945368,Highway 90 Substation,medium,31.571127349999998,-83.71900545,medium
GPC_09662,Georgia Power,GA,GTC: EAST WALTON 500/230KV PROJECT,,,Planned,GTC,212.0,2027-06-01,,230.0,"GA ITS 10-Year Plan (GPC 2025 IRP Vol. 3), TEAMS #09662",182,EAST WALTON,,,,,,,,,,,,unlocated
GPC_20505,Georgia Power,GA,GTC: GARRETT RD - V. RICA 230KV LINE RECONDUCTOR (CC NET IM),,,Planned,GTC,201.0,2027-06-01,,230.0,"GA ITS 10-Year Plan (GPC 2025 IRP Vol. 3), TEAMS #20505",182,GARRETT RD,,,,,V RICA,33.732052,-84.9191081,"Villa Rica, Carroll County, Georgia, 30180, United States",low,33.732052,-84.9191081,low
GPC_19622,Georgia Power,GA,GTC: RIDDLEVILLE BUS REPLACEMENT,,,Planned,GTC,214.0,2027-06-01,,,"GA ITS 10-Year Plan (GPC 2025 IRP Vol. 3), TEAMS #19622",182,RIDDLEVILLE,32.9068227,-82.6656894,"Riddleville, Washington County, Georgia, United States",low,,,,,,32.9068227,-82.6656894,low
GPC_19606,Georgia Power,GA,GTC: SKC 115KV BUS AND JUMPER REPLACEMENT,,,Planned,GTC,206.0,2027-06-01,,115.0,"GA ITS 10-Year Plan (GPC 2025 IRP Vol. 3), TEAMS #19606",182,SKC,,,,,,,,,,,,unlocated
GPC_20020,Georgia Power,GA,GTC: SOUTH HAZLEHURST - NEW LACY 230KV LINE,,,Planned,GTC,214.0,2027-06-01,,230.0,"GA ITS 10-Year Plan (GPC 2025 IRP Vol. 3), TEAMS #20020",182,SOUTH HAZLEHURST,31.8106914,-82.5666923,South Hazlehurst Substation,high,NEW LACY,31.5393726,-82.3715184,"New Lacy, Bacon County, Georgia, United States",low,31.675032,-82.46910535,low
GPC_20506,Georgia Power,GA,GTC: SWITCH WAY - THORNTON ROAD 230KV LINE REBUILD,,,Planned,GTC,201.0,2027-06-01,,230.0,"GA ITS 10-Year Plan (GPC 2025 IRP Vol. 3), TEAMS #20506",182,SWITCH WAY,,,,,THORNTON ROAD,,,,,,,unlocated
GPC_18668,Georgia Power,GA,JESUP - OFFERMAN 115KV REBUILD,,,Planned,GPC,218.0,2027-06-01,,115.0,"GA ITS 10-Year Plan (GPC 2025 IRP Vol. 3), TEAMS #18668",182,JESUP,31.603106,-81.924947,JESUP,manual,OFFERMAN,31.4230725,-82.1436621,Offerman Substation,high,31.51308925,-82.03430455,high
GPC_10143,Georgia Power,GA,LAWRENCEVILLE - WINDER 115KV LINE REBUILD,,,Planned,GPC,202.0,2027-06-01,,115.0,"GA ITS 10-Year Plan (GPC 2025 IRP Vol. 3), TEAMS #10143",183,LAWRENCEVILLE,33.944567,-83.9556599,Lawrenceville Substation #1,high,WINDER,34.023516,-83.7578307,Winder Substation,high,33.984041500000004,-83.8567453,high
GPC_10481,Georgia Power,GA,LAWRENCEVILLE - WINDER PRIMARY 230KV LINE REBUILD,,,Planned,GPC,202.0,2027-06-01,,230.0,"GA ITS 10-Year Plan (GPC 2025 IRP Vol. 3), TEAMS #10481",183,LAWRENCEVILLE,33.944567,-83.9556599,Lawrenceville Substation #1,high,WINDER PRIMARY,33.9954594,-83.7531307,Winder Primary Substation,high,33.9700132,-83.8543953,high
GPC_20264,Georgia Power,GA,MEAG: RAY PLACE RD - WARRENTON PRIMARY,,,Planned,MEAG,215.0,2027-06-01,,,"GA ITS 10-Year Plan (GPC 2025 IRP Vol. 3), TEAMS #20264",183,RAY PLACE RD,33.4682585,-82.8197717,Ray Place Road Switching Station,low,WARRENTON PRIMARY,33.3805007,-82.687296,Warrenton Primary Substation,high,33.424379599999995,-82.75353385,low
GPC_19248,Georgia Power,GA,SANDERSVILLE #1 - WADLEY PRI. 115KV REBUILD/RECONDUCTOR,,,Planned,GPC,214.0,2027-06-01,,115.0,"GA ITS 10-Year Plan (GPC 2025 IRP Vol. 3), TEAMS #19248",183,SANDERSVILLE,32.9984771,-82.801938,Sandersville Substation #1,high,WADLEY PRIMARY,,,,,32.9984771,-82.801938,high
GPC_20785,Georgia Power,GA,SAV: GOSHEN (SAV) - KRAFT 115KV LINE REBUILD,,,Planned,SAV,219.0,2027-06-01,,115.0,"GA ITS 10-Year Plan (GPC 2025 IRP Vol. 3), TEAMS #20785",183,GOSHEN,32.248701,-81.209472,GOSHEN,manual,KRAFT,32.1481353,-81.1459835,Kraft Substation,high,32.198418149999995,-81.17772775,high
GPC_20065,Georgia Power,GA,SAV: GOSHEN (SAV) - MCINTOSH 115KV LINE REBUILD,,,Planned,SAV,219.0,2027-06-01,,115.0,"GA ITS 10-Year Plan (GPC 2025 IRP Vol. 3), TEAMS #20065",183,GOSHEN,32.248701,-81.209472,GOSHEN,manual,MCINTOSH,32.352116,-81.175112,MCINTOSH,manual,32.3004085,-81.19229200000001,high
GPC_20717,Georgia Power,GA,CC - TOMOCHICHI 500/230KV SOLUTION (CC NETWORK IMPROVEMENTS),,,Planned,GPC,208.0,2027-07-15,,230.0,"GA ITS 10-Year Plan (GPC 2025 IRP Vol. 3), TEAMS #20717",183,TOMOCHICHI,,,,,,,,,,,,unlocated
GPC_18573,Georgia Power,GA,GRID - ARKWRIGHT - LLOYD SHOALS 115KV,,,Planned,GPC,214.0,2027-07-30,,115.0,"GA ITS 10-Year Plan (GPC 2025 IRP Vol. 3), TEAMS #18573",183,ARKWRIGHT,32.9221979,-83.7260032,Arkwight Substation,low,LLOYD SHOALS,33.3206142,-83.8410088,Lloyd Shoals Dam,high,33.121406050000004,-83.78350599999999,low
GPC_20591,Georgia Power,GA,GTC: EATONTON PRIMARY (035591) - LICK CREEK 115KV REBUILD,,,Planned,GTC,214.0,2027-12-01,,115.0,"GA ITS 10-Year Plan (GPC 2025 IRP Vol. 3), TEAMS #20591",183,EATONTON PRIMARY,,,,,LICK CREEK,,,,,,,unlocated
GPC_17977,Georgia Power,GA,ATHENA - EAST WATKINSVILLE 115 KV (REBUILD),,,Planned,GPC,212.0,2027-12-31,,115.0,"GA ITS 10-Year Plan (GPC 2025 IRP Vol. 3), TEAMS #17977",183,ATHENA,33.9764031,-83.3461189,Athena Substation,high,EAST WATKINSVILLE,33.8605463,-83.3847649,East Watkinsville Substation,high,33.918474700000004,-83.3654419,high
GPC_20150,Georgia Power,GA,CC - HILL VIEW & GRASSY HOLLOW SUB - CC IMPROVEMENTS,,,Planned,GPC,211.0,2027-12-31,,,"GA ITS 10-Year Plan (GPC 2025 IRP Vol. 3), TEAMS #20150",183,HILL VIEW,,,,,,,,,,,,unlocated
GPC_20024,Georgia Power,GA,DYER ROAD - EAST ROANOKE 115KV (REBUILD),,,Planned,GPC,211.0,2027-12-31,,115.0,"GA ITS 10-Year Plan (GPC 2025 IRP Vol. 3), TEAMS #20024",183,DYER ROAD,,,,,EAST ROANOKE,,,,,,,unlocated
GPC_19997,Georgia Power,GA,AULTMAN ROAD-PERRY 115KV LINE REBUILD,,,Planned,GPC,214.0,2028-06-01,,115.0,"GA ITS 10-Year Plan (GPC 2025 IRP Vol. 3), TEAMS #19997",183,AULTMAN ROAD,,,,,PERRY,32.4553814,-83.7020208,Perry Primary Substation,medium,32.4553814,-83.7020208,medium
GPC_20797,Georgia Power,GA,CC - EAST VILLA RICA AREA SWITCHING STATION (CC IMPROVEMENT),,,Planned,GPC,201.0,2028-06-01,,,"GA ITS 10-Year Plan (GPC 2025 IRP Vol. 3), TEAMS #20797",183,EAST VILLA RICA,,,,,,,,,,,,unlocated
GPC_20774,Georgia Power,GA,CC - VILLA RICA UPGRADES (CC NETWORK IMPROVEMENTS),,,Planned,GPC,211.0,2028-06-01,,,"GA ITS 10-Year Plan (GPC 2025 IRP Vol. 3), TEAMS #20774",183,VILLA RICA,33.7410224,-84.8548652,Villa Rica Substation,medium,,,,,,33.7410224,-84.8548652,medium
GPC_21048,Georgia Power,GA,FITZGERALD - PITTS 115 KV LINE REBUILD,,,Planned,GPC,214.0,2028-06-01,,115.0,"GA ITS 10-Year Plan (GPC 2025 IRP Vol. 3), TEAMS #21048",184,FITZGERALD,31.7293346,-83.2924114,Fitzgerald Substation,medium,PITTS,31.9446209,-83.5407214,"Pitts, Wilcox County, Georgia, 31072, United States",low,31.836977750000003,-83.4165664,low
GPC_08458,Georgia Power,GA,GTC: BARNESVILLE - SOUTH GRIFFIN 230KV PROJECT,,,Planned,GTC,213.0,2028-06-01,,230.0,"GA ITS 10-Year Plan (GPC 2025 IRP Vol. 3), TEAMS #08458",184,BARNESVILLE,33.0320694,-84.2012582,Barnesville Primary Substation,high,SOUTH GRIFFIN,,,,,33.0320694,-84.2012582,high
GPC_20503,Georgia Power,GA,GTC: BARNEYVILLE - EAST MOULTRIE 115KV NEW LINE,,,Planned,GTC,216.0,2028-06-01,,115.0,"GA ITS 10-Year Plan (GPC 2025 IRP Vol. 3), TEAMS #20503",184,BARNEYVILLE,31.214078,-83.4540507,"Barneyville, Cook County, Georgia, 31647, United States",low,EAST MOULTRIE,31.2421775,-83.7434741,East Moultrie Substation,high,31.22812775,-83.5987624,low
GPC_20873,Georgia Power,GA,GTC: BONAIRE PRIMARY 500/230KV XFMR REPLCMNT & RELAY MOD,,,Planned,GTC,214.0,2028-06-01,,230.0,"GA ITS 10-Year Plan (GPC 2025 IRP Vol. 3), TEAMS #20873",184,BONAIRE PRIMARY,32.5647949,-83.6000226,Bonaire Primary Substation,high,,,,,,32.5647949,-83.6000226,high
GPC_19992,Georgia Power,GA,GTC: BOSTWICK - EAST SOCIAL CIRCLE 230KV RECONDUCTOR,,,Planned,GTC,212.0,2028-06-01,,230.0,"GA ITS 10-Year Plan (GPC 2025 IRP Vol. 3), TEAMS #19992",184,BOSTWICK,33.7373712,-83.5145092,"Bostwick, Morgan County, Georgia, United States",low,EAST SOCIAL CIRCLE,33.6741503,-83.6793256,East Social Circle Substation,medium,33.705760749999996,-83.5969174,low
GPC_20777,Georgia Power,GA,JACK MCDONOUGH - NORTHWEST (BLACK) 230KV RECONDUCTOR,,,Planned,GPC,206.0,2028-06-01,,230.0,"GA ITS 10-Year Plan (GPC 2025 IRP Vol. 3), TEAMS #20777",184,JACK MCDONOUGH,,,,,NORTHWEST,,,,,,,unlocated
GPC_19629,Georgia Power,GA,MEAG: BRUMBLEY CREEK - SOUTH BAINBRIDGE 115KV REBUILD,,,Planned,MEAG,216.0,2028-06-01,,115.0,"GA ITS 10-Year Plan (GPC 2025 IRP Vol. 3), TEAMS #19629",184,BRUMBLEY CREEK,,,,,SOUTH BAINBRIDGE,30.8396079,-84.4889211,South Bainbridge Substation,high,30.8396079,-84.4889211,high
GPC_19630,Georgia Power,GA,MEAG: THOMASVILLE 230/115KV AUTOBANK REPLACEMENT,,,Planned,MEAG,216.0,2028-06-01,,115.0,"GA ITS 10-Year Plan (GPC 2025 IRP Vol. 3), TEAMS #19630",184,THOMASVILLE,30.9085196,-84.0050314,Thomasville Substation,high,,,,,,30.9085196,-84.0050314,high
GPC_20482,Georgia Power,GA,PITTMAN ROAD - WEST POINT DAM (USA) 115KV REBUILD,,,Planned,GPC,213.0,2028-06-01,,115.0,"GA ITS 10-Year Plan (GPC 2025 IRP Vol. 3), TEAMS #20482",184,PITTMAN ROAD,,,,,WEST POINT DAM,32.9186235,-85.1903899,West Point Dam Substation,medium,32.9186235,-85.1903899,medium
GPC_20656,Georgia Power,GA,PLANT YATES BREAKER AND HALF STATION,,,Planned,GPC,208.0,2028-06-01,,,"GA ITS 10-Year Plan (GPC 2025 IRP Vol. 3), TEAMS #20656",184,YATES,33.4576339,-84.8969584,Plant Yates,high,,,,,,33.4576339,-84.8969584,high
GPC_20783,Georgia Power,GA,SAV: COLEMAN - DEAN FOREST 115KV LINE REBUILD,,,Planned,SAV,219.0,2028-06-01,,115.0,"GA ITS 10-Year Plan (GPC 2025 IRP Vol. 3), TEAMS #20783",184,COLEMAN,32.1077199,-81.226912,Coleman Substation,high,DEAN FOREST,32.0835097,-81.1887223,Dean Forest Substation,high,32.0956148,-81.20781715,high
GPC_20407,Georgia Power,GA,SAV: MAGNOLIA - TRUMAN PARKWAY 115KV REBUILD,,,Planned,SAV,219.0,2028-06-01,,115.0,"GA ITS 10-Year Plan (GPC 2025 IRP Vol. 3), TEAMS #20407",184,MAGNOLIA,32.0226869,-81.0861807,Magnolia Substation,high,TRUMAN PARKWAY,,,,,32.0226869,-81.0861807,high
GPC_21069,Georgia Power,GA,SMART VALVES AT EAST VILLA RICA SWITCHING STATION,,,Planned,GPC,201.0,2028-06-01,,,"GA ITS 10-Year Plan (GPC 2025 IRP Vol. 3), TEAMS #21069",184,SMART VALVES AT EAST VILLA RICA,,,,,,,,,,,,unlocated
GPC_20768,Georgia Power,GA,SOUTH MACON 115KV BUSES 1 & 2 REPLACEMENT,,,Planned,GPC,214.0,2028-06-01,,115.0,"GA ITS 10-Year Plan (GPC 2025 IRP Vol. 3), TEAMS #20768",184,SOUTH MACON,32.8203492,-83.6261978,South Macon Substation,high,,,,,,32.8203492,-83.6261978,high
GPC_20274,Georgia Power,GA,UNION CITY - YATES 230KV (BLACK) LINE REBUILD,,,Planned,GPC,208.0,2028-06-01,,230.0,"GA ITS 10-Year Plan (GPC 2025 IRP Vol. 3), TEAMS #20274",184,UNION CITY,33.5870558,-84.5424299,"Union City, Fulton County, Georgia, United States",low,YATES,33.4576339,-84.8969584,Plant Yates,high,33.522344849999996,-84.71969415000001,low
GPC_13166,Georgia Power,GA,FIRST AVENUE - NORTH COLUMBUS 115KV LINE REBUILD,,,Planned,GPC,213.0,2028-12-01,,115.0,"GA ITS 10-Year Plan (GPC 2025 IRP Vol. 3), TEAMS #13166",184,FIRST AVENUE,,,,,NORTH COLUMBUS,,,,,,,unlocated
GPC_20586,Georgia Power,GA,GTC: NORTH DUBLIN 230/115KV TRANSFORMERS AND BUS-TIE BREAKER,,,Planned,GTC,214.0,2028-12-01,,115.0,"GA ITS 10-Year Plan (GPC 2025 IRP Vol. 3), TEAMS #20586",185,NORTH DUBLIN,,,,,,,,,,,,unlocated
GPC_21062,Georgia Power,GA,ASHLEY PARK-WANSLEY 500KV,,,Planned,GPC,208.0,2029-06-01,,500.0,"GA ITS 10-Year Plan (GPC 2025 IRP Vol. 3), TEAMS #21062",185,ASHLEY PARK,33.5073355,-84.4768716,"Ashley Park, Fayette County, Georgia, 30214, United States",low,WANSLEY,33.4109556,-85.030769,Wansley Substation,medium,33.45914555,-84.7538203,low
GPC_10222,Georgia Power,GA,BLAKELY PRIMARY - HUCKLEBERRY 115KV REBUILD,,,Planned,GPC,216.0,2029-06-01,,115.0,"GA ITS 10-Year Plan (GPC 2025 IRP Vol. 3), TEAMS #10222",185,BLAKELY PRIMARY,31.371554,-84.9059802,Blakely Primary Substation,high,HUCKLEBERRY,,,,,31.371554,-84.9059802,high
GPC_21047,Georgia Power,GA,BROADWAY - ECHECONNEE 115 KV LINE REBUILD,,,Planned,GPC,214.0,2029-06-01,,115.0,"GA ITS 10-Year Plan (GPC 2025 IRP Vol. 3), TEAMS #21047",185,BROADWAY,,,,,ECHECONNEE,32.6851436,-83.700462,"Echeconnee, Houston County, Georgia, 31216, United States",low,32.6851436,-83.700462,low
GPC_16887,Georgia Power,GA,BUTLER - THOMASTON 230KV LINE CONVERSION,,,Planned,GPC,213.0,2029-06-01,,230.0,"GA ITS 10-Year Plan (GPC 2025 IRP Vol. 3), TEAMS #16887",185,BUTLER,32.5759636,-84.3166325,Butler Solar Farm,high,THOMASTON,32.8999225,-84.3125168,Thomaston Primary Substation,high,32.73794305,-84.31457465,high
GPC_21036,Georgia Power,GA,BUZZARD ROOST - FACTORY SHOALS 230KV NEW LINE,,,Planned,GPC,201.0,2029-06-01,,230.0,"GA ITS 10-Year Plan (GPC 2025 IRP Vol. 3), TEAMS #21036",185,BUZZARD ROOST,,,,,FACTORY SHOALS,,,,,,,unlocated
GPC_21142,Georgia Power,GA,CONYERS - KLONDIKE 230 KV SECOND LINE,,,Planned,GPC,206.0,2029-06-01,,230.0,"GA ITS 10-Year Plan (GPC 2025 IRP Vol. 3), TEAMS #21142",185,CONYERS,33.6676103,-84.0176904,"Conyers, Rockdale County, Georgia, United States",low,KLONDIKE,33.6369768,-84.124487,Klondike Substation,high,33.652293549999996,-84.0710887,low
GPC_21138,Georgia Power,GA,GLENWOOD SPRINGS - PORTERDALE PRIMARY 230KV LINE SWITCH REPL,,,Planned,GPC,206.0,2029-06-01,,230.0,"GA ITS 10-Year Plan (GPC 2025 IRP Vol. 3), TEAMS #21138",185,GLENWOOD SPRINGS,,,,,PORTERDALE PRIMARY,,,,,,,unlocated
GPC_21112,Georgia Power,GA,GTC: BARNESVILLE PRIMARY - THOMASTON 230KV,,,Planned,GTC,213.0,2029-06-01,,230.0,"GA ITS 10-Year Plan (GPC 2025 IRP Vol. 3), TEAMS #21112",185,BARNESVILLE PRIMARY,33.0320694,-84.2012582,Barnesville Primary Substation,high,THOMASTON,32.9465641,-84.2664792,Thomaston #3 Substation,high,32.98931675,-84.2338687,high
GPC_10814,Georgia Power,GA,GTC: BAY CREEK 230/115KV SECOND AUTO TRANSFORMER,,,Planned,GTC,202.0,2029-06-01,,115.0,"GA ITS 10-Year Plan (GPC 2025 IRP Vol. 3), TEAMS #10814",185,BAY CREEK,33.8681196,-83.8823506,Bay Creek Substation,high,,,,,,33.8681196,-83.8823506,high
GPC_21140,Georgia Power,GA,GTC: BONAIRE PRIMARY - EASTMAN PRIMARY 115 KV LINE REBUILD,,,Planned,GTC,214.0,2029-06-01,,115.0,"GA ITS 10-Year Plan (GPC 2025 IRP Vol. 3), TEAMS #21140",185,BONAIRE PRIMARY,32.5647949,-83.6000226,Bonaire Primary Substation,high,EASTMAN PRIMARY,32.2132993,-83.1614216,Eastman Primary Substation,medium,32.3890471,-83.3807221,medium
GPC_20849,Georgia Power,GA,GTC: CLIFTONDALE - LINE CREEK 230KV LINE,,,Planned,GTC,201.0,2029-06-01,,230.0,"GA ITS 10-Year Plan (GPC 2025 IRP Vol. 3), TEAMS #20849",185,CLIFTONDALE,33.6448322,-84.594654,"Cliftondale, South Fulton, Fulton County, Georgia, United St",low,LINE CREEK,,,,,33.6448322,-84.594654,low
GPC_19950,Georgia Power,GA,GTC: DRESDEN - TALBOT 500KV LINE,,,Planned,GTC,213.0,2029-06-01,,500.0,"GA ITS 10-Year Plan (GPC 2025 IRP Vol. 3), TEAMS #19950",185,DRESDEN,33.3511155,-84.9059539,Dresden Substation,medium,TALBOT,32.5882958,-84.6921696,Talbot Energy Power Plant,high,32.969705649999995,-84.79906174999999,medium
GPC_20760,Georgia Power,GA,GTC: HOPEWELL 230/115 KV BANK A,,,Planned,GTC,202.0,2029-06-01,,115.0,"GA ITS 10-Year Plan (GPC 2025 IRP Vol. 3), TEAMS #20760",185,HOPEWELL,34.1741923,-84.2834055,Hopewell Substation,high,,,,,,34.1741923,-84.2834055,high
GPC_21123,Georgia Power,GA,GTC: TENASKA - WANSLEY 500KV NEW LINE,,,Planned,GTC,201.0,2029-06-01,,500.0,"GA ITS 10-Year Plan (GPC 2025 IRP Vol. 3), TEAMS #21123",185,TENASKA,33.3516272,-84.9980901,Tenaska Georgia Substation,high,WANSLEY,33.4109556,-85.030769,Wansley Substation,medium,33.3812914,-85.01442955,medium
GPC_21141,Georgia Power,GA,LLOYD SHOALS - PORTERDALE PRIMARY 115KV REBUILD,,,Planned,GPC,206.0,2029-06-01,,115.0,"GA ITS 10-Year Plan (GPC 2025 IRP Vol. 3), TEAMS #21141",185,LLOYD SHOALS,33.3206142,-83.8410088,Lloyd Shoals Dam,high,PORTERDALE PRIMARY,,,,,33.3206142,-83.8410088,high
GPC_20285,Georgia Power,GA,LOWER RIVER - WEBB (APC) 115KV RECONDUCTOR,,,Planned,GPC,216.0,2029-06-01,,115.0,"GA ITS 10-Year Plan (GPC 2025 IRP Vol. 3), TEAMS #20285",185,LOWER RIVER,,,,,WEBB,31.2510757,-85.2886348,Webb Substation,medium,31.2510757,-85.2886348,medium
GPC_19621,Georgia Power,GA,MCEVER ROAD - SHOAL CREEK 115KV REBUILD,,,Planned,GPC,212.0,2029-06-01,,115.0,"GA ITS 10-Year Plan (GPC 2025 IRP Vol. 3), TEAMS #19621",186,MCEVER ROAD,34.2728832,-83.8738012,McEver Road Substation,high,SHOAL CREEK,,,,,34.2728832,-83.8738012,high
GPC_20346,Georgia Power,GA,MCMANUS - WEST BRUNSWICK 115KV REBUILD,,,Planned,GPC,218.0,2029-06-01,,115.0,"GA ITS 10-Year Plan (GPC 2025 IRP Vol. 3), TEAMS #20346",186,MCMANUS,31.2158693,-81.5441372,Plant McManus,high,WEST BRUNSWICK,31.2799089,-81.5586568,West Brunswick Substation,high,31.247889100000002,-81.551397,high
GPC_17706,Georgia Power,GA,MEAG: AULTMAN ROAD - FORT VALLEY #1 115 KV REBUILD,,,Planned,MEAG,214.0,2029-06-01,,115.0,"GA ITS 10-Year Plan (GPC 2025 IRP Vol. 3), TEAMS #17706",186,AULTMAN ROAD,,,,,FORT VALLEY,32.561358,-83.8722581,Fort Valley Substation,medium,32.561358,-83.8722581,medium
GPC_11051,Georgia Power,GA,MEAG: SLAPPEY DRIVE - WESTOVER 115KV LINE REBUILD,,,Planned,MEAG,216.0,2029-06-01,,115.0,"GA ITS 10-Year Plan (GPC 2025 IRP Vol. 3), TEAMS #11051",186,SLAPPEY DRIVE,,,,,WESTOVER,31.58934,-84.2112979,"Westover, Albany, Dougherty County, Georgia, 31707, United S",low,31.58934,-84.2112979,low
GPC_20757,Georgia Power,GA,NORCROSS - NORTH DRUID HILLS 115KV REBUILD,,,Planned,GPC,202.0,2029-06-01,,115.0,"GA ITS 10-Year Plan (GPC 2025 IRP Vol. 3), TEAMS #20757",186,NORCROSS,33.9325571,-84.2134303,Norcross Substation,high,NORTH DRUID HILLS,33.820589,-84.3193797,"North Druid Hills, Brookhaven, DeKalb County, Georgia, 30329",low,33.87657305,-84.26640499999999,low
GPC_21006,Georgia Power,GA,SAV: BOULEVARD - MAGNOLIA 115 KV LINE REBUILD,,,Planned,SAV,219.0,2029-06-01,,115.0,"GA ITS 10-Year Plan (GPC 2025 IRP Vol. 3), TEAMS #21006",186,BOULEVARD,32.0412308,-81.1444637,Boulevard Substation,high,MAGNOLIA,32.0226869,-81.0861807,Magnolia Substation,high,32.031958849999995,-81.11532220000001,high
GPC_21023,Georgia Power,GA,SAV: DEAN FOREST - LITTLE OGEECHEE 230 KV REBUILD,,,Planned,SAV,219.0,2029-06-01,,230.0,"GA ITS 10-Year Plan (GPC 2025 IRP Vol. 3), TEAMS #21023",186,DEAN FOREST,32.0835097,-81.1887223,Dean Forest Substation,high,LITTLE OGEECHEE,32.0067859,-81.2531513,Little Ogeechee Substation,high,32.045147799999995,-81.2209368,high
GPC_20989,Georgia Power,GA,SAV: RICE HOPE NEW AUTO TRANSFORMER,,,Planned,SAV,219.0,2029-06-01,,,"GA ITS 10-Year Plan (GPC 2025 IRP Vol. 3), TEAMS #20989",186,RICE HOPE,,,,,,,,,,,,unlocated
GPC_13628,Georgia Power,GA,SOUTH BAINBRIDGE - SINAI (FPL) 115KV LINE RECONDUCTOR,,,Planned,GPC,216.0,2029-06-01,,115.0,"GA ITS 10-Year Plan (GPC 2025 IRP Vol. 3), TEAMS #13628",186,SOUTH BAINBRIDGE,30.8396079,-84.4889211,South Bainbridge Substation,high,SINAI,30.6638167,-84.9007902,Sinai Substation,medium,30.7517123,-84.69485565,medium
GPC_20248,Georgia Power,GA,BAY CREEK - CONYERS 230KV REBUILD,,,Planned,GPC,202.0,2029-12-31,,230.0,"GA ITS 10-Year Plan (GPC 2025 IRP Vol. 3), TEAMS #20248",186,BAY CREEK,33.8681196,-83.8823506,Bay Creek Substation,high,CONYERS,33.6676103,-84.0176904,"Conyers, Rockdale County, Georgia, United States",low,33.76786495,-83.9500205,low
GPC_21129,Georgia Power,GA,ANNISTON - HAMMOND 230KV LINE,,,Planned,GPC,211.0,2030-06-01,,230.0,"GA ITS 10-Year Plan (GPC 2025 IRP Vol. 3), TEAMS #21129",186,ANNISTON,,,,,HAMMOND,34.2512064,-85.34558,Hammod Substation,low,34.2512064,-85.34558,low
GPC_20764,Georgia Power,GA,ATKINSON - NORTHSIDE DRIVE 115KV REBUILD,,,Planned,GPC,201.0,2030-06-01,,115.0,"GA ITS 10-Year Plan (GPC 2025 IRP Vol. 3), TEAMS #20764",186,ATKINSON,31.3030105,-82.8839362,"Atkinson County, Georgia, United States",low,NORTHSIDE DRIVE,,,,,31.3030105,-82.8839362,low
GPC_20761,Georgia Power,GA,ATKINSON - NORTHWEST 115KV REBUILD,,,Planned,GPC,201.0,2030-06-01,,115.0,"GA ITS 10-Year Plan (GPC 2025 IRP Vol. 3), TEAMS #20761",186,ATKINSON,31.3030105,-82.8839362,"Atkinson County, Georgia, United States",low,NORTHWEST,,,,,31.3030105,-82.8839362,low
GPC_21130,Georgia Power,GA,CC - NORTH GEORGIA DATA NETWORK UPGRADES,,,Planned,GPC,212.0,2030-06-01,,,"GA ITS 10-Year Plan (GPC 2025 IRP Vol. 3), TEAMS #21130",186,NORTH GEORGIA DATA,,,,,,,,,,,,unlocated
GPC_10478,Georgia Power,GA,CORNELIA - TALLULAH LODGE 115KV REBUILD,,,Planned,GPC,212.0,2030-06-01,,115.0,"GA ITS 10-Year Plan (GPC 2025 IRP Vol. 3), TEAMS #10478",186,CORNELIA,34.5114883,-83.5271166,"Cornelia, Habersham County, Georgia, United States",low,TALLULAH LODGE,,,,,34.5114883,-83.5271166,low
GPC_18669,Georgia Power,GA,DU: DAWSON CROSSING - NELSON (WHITE) 115 KV REBUILD,,,Planned,DU,212.0,2030-06-01,,115.0,"GA ITS 10-Year Plan (GPC 2025 IRP Vol. 3), TEAMS #18669",186,DAWSON CROSSING,34.3781185,-84.1335754,Dawson Crossing Substation,high,NELSON,34.3865972,-84.3787707,Nelson Substation,high,34.38235785,-84.25617305,high
GPC_21097,Georgia Power,GA,EAST POINT - TRIBUTARY 230KV REBUILD,,,Planned,GPC,201.0,2030-06-01,,230.0,"GA ITS 10-Year Plan (GPC 2025 IRP Vol. 3), TEAMS #21097",186,EAST POINT,33.6763499,-84.4629659,East Point Primary Substation,high,TRIBUTARY,,,,,33.6763499,-84.4629659,high
GPC_20480,Georgia Power,GA,EAST POINT - UNION CITY 230KV BLACK LINE RECONDUCTOR,,,Planned,GPC,208.0,2030-06-01,,230.0,"GA ITS 10-Year Plan (GPC 2025 IRP Vol. 3), TEAMS #20480",187,EAST POINT,33.6763499,-84.4629659,East Point Primary Substation,high,UNION CITY,33.5870558,-84.5424299,"Union City, Fulton County, Georgia, United States",low,33.631702849999996,-84.5026979,low
GPC_19627,Georgia Power,GA,ECHECONNEE-WELLSTON 115KV LINE REBUILD,,,Planned,GPC,214.0,2030-06-01,,115.0,"GA ITS 10-Year Plan (GPC 2025 IRP Vol. 3), TEAMS #19627",187,ECHECONNEE,32.6851436,-83.700462,"Echeconnee, Houston County, Georgia, 31216, United States",low,WELLSTON,32.6200973,-83.606568,"Warner Robins, Houston County, Georgia, United States",low,32.65262045,-83.653515,low
GPC_21063,Georgia Power,GA,FARLEY (APC)-TAZEWELL 500KV,,,Planned,GPC,216.0,2030-06-01,,500.0,"GA ITS 10-Year Plan (GPC 2025 IRP Vol. 3), TEAMS #21063",187,FARLEY,31.2236137,-85.1163237,Farley Substation,medium,TAZEWELL,,,,,31.2236137,-85.1163237,medium
GPC_12120,Georgia Power,GA,GAINESVILLE #2 - MCEVER ROAD 115 KV REBUILD,,,Planned,GPC,212.0,2030-06-01,,115.0,"GA ITS 10-Year Plan (GPC 2025 IRP Vol. 3), TEAMS #12120",187,GAINESVILLE,34.263022,-83.8096728,Gainesville Substation #2,high,MCEVER ROAD,34.2728832,-83.8738012,McEver Road Substation,high,34.2679526,-83.841737,high
GPC_20298,Georgia Power,GA,GLENWOOD SPRINGS - LAKE OCONEE 115KV LINE REBUILD,,,Planned,GPC,214.0,2030-06-01,,115.0,"GA ITS 10-Year Plan (GPC 2025 IRP Vol. 3), TEAMS #20298",187,GLENWOOD SPRINGS,,,,,LAKE OCONEE,33.4595297,-83.247451,Lake Oconee Substation,medium,33.4595297,-83.247451,medium
GPC_21128,Georgia Power,GA,GOAT ROCK REACTORS INSTALLATION,,,Planned,GPC,213.0,2030-06-01,,,"GA ITS 10-Year Plan (GPC 2025 IRP Vol. 3), TEAMS #21128",187,GOAT ROCK,32.609561,-85.0805557,Goat Rock Dam,high,,,,,,32.609561,-85.0805557,high
GPC_19996,Georgia Power,GA,GOLDENS CREEK - WARRENTON PRIMARY 230KV REBUILD,,,Planned,GPC,215.0,2030-06-01,,230.0,"GA ITS 10-Year Plan (GPC 2025 IRP Vol. 3), TEAMS #19996",187,GOLDENS CREEK,,,,,WARRENTON PRIMARY,33.3805007,-82.687296,Warrenton Primary Substation,high,33.3805007,-82.687296,high
GPC_20428,Georgia Power,GA,GORDON-SANDERSVILLE #1 115KV LINE REBUILD (DEEPSTEP-SAND #6),,,Planned,GPC,214.0,2030-06-01,,115.0,"GA ITS 10-Year Plan (GPC 2025 IRP Vol. 3), TEAMS #20428",187,GORDON,32.8824706,-83.3169141,Gordon Substation,high,SANDERSVILLE,32.9984771,-82.801938,Sandersville Substation #1,high,32.940473850000004,-83.05942605000001,high
GPC_21116,Georgia Power,GA,GOSHEN AREA STRATEGIC SOLUTION,,,Planned,GPC,215.0,2030-06-01,,,"GA ITS 10-Year Plan (GPC 2025 IRP Vol. 3), TEAMS #21116",187,GOSHEN,33.3197599,-81.9953118,Goshen Substation,high,,,,,,33.3197599,-81.9953118,high
GPC_21073,Georgia Power,GA,GTC: BIG SMARR - TOMOCHICHI 500KV,,,Planned,GTC,208.0,2030-06-01,,500.0,"GA ITS 10-Year Plan (GPC 2025 IRP Vol. 3), TEAMS #21073",187,BIG SMARR,,,,,TOMOCHICHI,,,,,,,unlocated
GPC_21014,Georgia Power,GA,GTC: BUZZARD ROOST - CAVENDER DRIVE 230KV NEW LINE,,,Planned,GTC,201.0,2030-06-01,,230.0,"GA ITS 10-Year Plan (GPC 2025 IRP Vol. 3), TEAMS #21014",187,BUZZARD ROOST,,,,,CAVENDER DRIVE,,,,,,,unlocated
GPC_21013,Georgia Power,GA,GTC: CAVENDER DRIVE 500/230KV AUTOBANK,,,Planned,GTC,201.0,2030-06-01,,230.0,"GA ITS 10-Year Plan (GPC 2025 IRP Vol. 3), TEAMS #21013",187,CAVENDER DRIVE,,,,,,,,,,,,unlocated
GPC_20375,Georgia Power,GA,GTC: EAST WATKINSVILLE 230 KV STATION MODIFICATION,,,Planned,GTC,212.0,2030-06-01,,230.0,"GA ITS 10-Year Plan (GPC 2025 IRP Vol. 3), TEAMS #20375",187,EAST WATKINSVILLE,33.8605463,-83.3847649,East Watkinsville Substation,high,,,,,,33.8605463,-83.3847649,high
GPC_21111,Georgia Power,GA,GTC: HARTWELL DAM - HARTWELL ENERGY 230KV SERIES REACTORS,,,Planned,GTC,212.0,2030-06-01,,230.0,"GA ITS 10-Year Plan (GPC 2025 IRP Vol. 3), TEAMS #21111",187,HARTWELL DAM,,,,,HARTWELL ENERGY,,,,,,,unlocated
GPC_21113,Georgia Power,GA,GTC: HARTWELL ENERGY - MIDDLE FORK 230KV LINE,,,Planned,GTC,212.0,2030-06-01,,230.0,"GA ITS 10-Year Plan (GPC 2025 IRP Vol. 3), TEAMS #21113",187,HARTWELL ENERGY,,,,,MIDDLE FORK,,,,,,,unlocated
GPC_21131,Georgia Power,GA,GTC: POND FORK - MIDWAY 115KV LINE,,,Planned,GTC,212.0,2030-06-01,,115.0,"GA ITS 10-Year Plan (GPC 2025 IRP Vol. 3), TEAMS #21131",187,POND FORK,,,,,MIDWAY,32.0576578,-85.5186145,Midway Substation,medium,32.0576578,-85.5186145,medium
GPC_21077,Georgia Power,GA,GTC: ROCKVILLE - TIGER CREEK -WARTHEN 500KV LINES,,,Planned,GTC,214.0,2030-06-01,,500.0,"GA ITS 10-Year Plan (GPC 2025 IRP Vol. 3), TEAMS #21077",188,ROCKVILLE,33.3276362,-83.2187677,"Rockville, Putnam County, Georgia, United States",low,TIGER CREEK,33.0945058,-82.9815846,Tiger Creek Substation,high,33.211071000000004,-83.10017615000001,low
GPC_21076,Georgia Power,GA,GTC: TALLBOT #2 - TAZEWELL 500KV LINE,,,Planned,GTC,216.0,2030-06-01,,500.0,"GA ITS 10-Year Plan (GPC 2025 IRP Vol. 3), TEAMS #21076",188,TALLBOT,,,,,TAZEWELL,32.379482,-84.440221,"Tazewell, Marion County, Georgia, United States",low,32.379482,-84.440221,low
GPC_21094,Georgia Power,GA,GTC: TIGER CREEK- ROCKVILLE-NORTH SPA 230KV PROJECT,,,Planned,GTC,214.0,2030-06-01,,230.0,"GA ITS 10-Year Plan (GPC 2025 IRP Vol. 3), TEAMS #21094",188,TIGER CREEK,33.0945058,-82.9815846,Tiger Creek Substation,high,ROCKVILLE,33.3276362,-83.2187677,"Rockville, Putnam County, Georgia, United States",low,33.211071000000004,-83.10017615000001,low
GPC_20789,Georgia Power,GA,JEFFERSON ROAD - WINDER PRIMARY 115KV REBUILD,,,Planned,GPC,212.0,2030-06-01,,115.0,"GA ITS 10-Year Plan (GPC 2025 IRP Vol. 3), TEAMS #20789",188,JEFFERSON ROAD,33.977796,-83.5794808,Jefferson Rd Substation,low,WINDER PRIMARY,33.9954594,-83.7531307,Winder Primary Substation,high,33.9866277,-83.66630574999999,low
GPC_20284,Georgia Power,GA,KETTLE CREEK PRIMARY - PINE GROVE PRIMARY 115KV REBUILD,,,Planned,GPC,216.0,2030-06-01,,115.0,"GA ITS 10-Year Plan (GPC 2025 IRP Vol. 3), TEAMS #20284",188,KETTLE CREEK PRIMARY,,,,,PINE GROVE PRIMARY,30.8816485,-83.2279869,Pine Grove Primary Substation,high,30.8816485,-83.2279869,high
GPC_21118,Georgia Power,GA,MEAG: ATHENA - WARRENTON 230KV CONVERSION,,,Planned,MEAG,215.0,2030-06-01,,230.0,"GA ITS 10-Year Plan (GPC 2025 IRP Vol. 3), TEAMS #21118",188,ATHENA,33.9764031,-83.3461189,Athena Substation,high,WARRENTON,33.4064479,-82.6708417,Warrenton Substation,high,33.6914255,-83.0084803,high
GPC_20857,Georgia Power,GA,NEW CAVENDER DRIVE - TRIBUTARY 230KV LINE,,,Planned,GPC,201.0,2030-06-01,,230.0,"GA ITS 10-Year Plan (GPC 2025 IRP Vol. 3), TEAMS #20857",188,NEW CAVENDER DRIVE,,,,,TRIBUTARY,,,,,,,unlocated
GPC_21093,Georgia Power,GA,NORTH SPA 230KV STRATEGIC PROJECT,,,Planned,GPC,214.0,2030-06-01,,230.0,"GA ITS 10-Year Plan (GPC 2025 IRP Vol. 3), TEAMS #21093",188,NORTH SPA,,,,,,,,,,,,unlocated
GPC_19995,Georgia Power,GA,TALLULAH LODGE - TOCCOA 115 KV REBUILD,,,Planned,GPC,212.0,2030-06-01,,115.0,"GA ITS 10-Year Plan (GPC 2025 IRP Vol. 3), TEAMS #19995",188,TALLULAH LODGE,,,,,TOCCOA,34.5809462,-83.3527341,Toccoa Primary Substation,high,34.5809462,-83.3527341,high
GPC_21098,Georgia Power,GA,TRIBUTARY - THORNTON RD 230KV REBUILD,,,Planned,GPC,201.0,2030-06-01,,230.0,"GA ITS 10-Year Plan (GPC 2025 IRP Vol. 3), TEAMS #21098",188,TRIBUTARY,,,,,THORNTON RD,,,,,,,unlocated
GPC_20160,Georgia Power,GA,THOMASTON 230 NEW BUILD SUB,,,Planned,GPC,213.0,2030-11-01,,,"GA ITS 10-Year Plan (GPC 2025 IRP Vol. 3), TEAMS #20160",188,THOMASTON,32.8999225,-84.3125168,Thomaston Primary Substation,high,,,,,,32.8999225,-84.3125168,high
GPC_18848,Georgia Power,GA,"BAINBRIDGE TRANSMISSION: EAST RIVER ROAD, EAST BAINBRIDGE",,,Planned,GPC,216.0,2030-12-31,,,"GA ITS 10-Year Plan (GPC 2025 IRP Vol. 3), TEAMS #18848",188,BAINBRIDGE,30.9125521,-84.5669923,Bainbridge Substation,high,,,,,,30.9125521,-84.5669923,high
GPC_19626,Georgia Power,GA,GLENWOOD SPRINGS 115KV CAP BANK,,,Planned,GPC,214.0,2030-12-31,,115.0,"GA ITS 10-Year Plan (GPC 2025 IRP Vol. 3), TEAMS #19626",188,GLENWOOD SPRINGS,,,,,,,,,,,,unlocated
GPC_20690,Georgia Power,GA,EAST POINT - UNION CITY (WHITE) 230KV REBUILD,,,Planned,GPC,208.0,2031-05-01,,230.0,"GA ITS 10-Year Plan (GPC 2025 IRP Vol. 3), TEAMS #20690",188,EAST POINT,33.6763499,-84.4629659,East Point Primary Substation,high,UNION CITY,33.5870558,-84.5424299,"Union City, Fulton County, Georgia, United States",low,33.631702849999996,-84.5026979,low
GPC_19632,Georgia Power,GA,AVERY - HOPEWELL 115KV RECONDUCTOR,,,Planned,GPC,202.0,2031-06-01,,115.0,"GA ITS 10-Year Plan (GPC 2025 IRP Vol. 3), TEAMS #19632",188,AVERY,34.2169889,-84.3857643,Avery Substation,high,HOPEWELL,34.1741923,-84.2834055,Hopewell Substation,high,34.1955906,-84.33458490000001,high
GPC_10811,Georgia Power,GA,BOWEN #10 500/230KV AUTOBANK REPLACEMENT,,,Planned,GPC,211.0,2031-06-01,,230.0,"GA ITS 10-Year Plan (GPC 2025 IRP Vol. 3), TEAMS #10811",188,BOWEN,34.1215849,-84.9223274,Bowen Substation,high,,,,,,34.1215849,-84.9223274,high
GPC_20756,Georgia Power,GA,HATCH - WADLEY 500 KV LINE STRATEGIC PROJECT,,,Planned,GPC,215.0,2031-06-01,,500.0,"GA ITS 10-Year Plan (GPC 2025 IRP Vol. 3), TEAMS #20756",188,HATCH,31.9346568,-82.3476974,Hatch Nuclear Plant Substation,high,WADLEY,32.8846571,-82.4158724,Wadley Substation,high,32.40965695,-82.3817849,high
GPC_21099,Georgia Power,GA,MEAG: PIO NONO 230/115KV AREA SOLUTION,,,Planned,MEAG,214.0,2031-06-01,,115.0,"GA ITS 10-Year Plan (GPC 2025 IRP Vol. 3), TEAMS #21099",189,PIO NONO,,,,,,,,,,,,unlocated
GPC_21114,Georgia Power,GA,MEAG: SOUTH GRIFFIN 230/115KV BANK #5,,,Planned,MEAG,213.0,2032-06-01,,115.0,"GA ITS 10-Year Plan (GPC 2025 IRP Vol. 3), TEAMS #21114",189,SOUTH GRIFFIN,,,,,,,,,,,,unlocated
GPC_20784,Georgia Power,GA,SAV: COLEMAN - MELDRIM 115KV LINE REBUILD,,,Planned,SAV,219.0,2032-06-01,,115.0,"GA ITS 10-Year Plan (GPC 2025 IRP Vol. 3), TEAMS #20784",189,COLEMAN,32.1077199,-81.226912,Coleman Substation,high,MELDRIM,32.1552821,-81.368377,Meldrim Substation,high,32.131501,-81.29764449999999,high
GPC_20767,Georgia Power,GA,ARKWRIGHT BUS AND JUMPER REPLACEMENT,,,Planned,GPC,214.0,2033-06-01,,,"GA ITS 10-Year Plan (GPC 2025 IRP Vol. 3), TEAMS #20767",189,ARKWRIGHT,32.9272219,-83.698878,Arkwight Substation,low,,,,,,32.9272219,-83.698878,low
GPC_20758,Georgia Power,GA,BAY CREEK - CONYERS 230KV LIMITING ELEMENT REPLACEMENT,,,Planned,GPC,202.0,2033-06-01,,230.0,"GA ITS 10-Year Plan (GPC 2025 IRP Vol. 3), TEAMS #20758",189,BAY CREEK,33.8681196,-83.8823506,Bay Creek Substation,high,CONYERS,33.6676103,-84.0176904,"Conyers, Rockdale County, Georgia, United States",low,33.76786495,-83.9500205,low
GPC_20793,Georgia Power,GA,EVANS PRIMARY - THURMOND DAM (USA) #5 115KV REBUILD,,,Planned,GPC,215.0,2033-06-01,,115.0,"GA ITS 10-Year Plan (GPC 2025 IRP Vol. 3), TEAMS #20793",189,EVANS PRIMARY,33.543994,-82.168648,EVANS PRIMARY,manual,THURMOND DAM,33.660127,-82.195931,THURMOND DAM,manual,33.6020605,-82.1822895,high
GPC_20794,Georgia Power,GA,EVANS PRIMARY - THURMOND DAM (USA) #6 115KV REBUILD,,,Planned,GPC,215.0,2033-06-01,,115.0,"GA ITS 10-Year Plan (GPC 2025 IRP Vol. 3), TEAMS #20794",189,EVANS PRIMARY,33.543994,-82.168648,EVANS PRIMARY,manual,THURMOND DAM,33.660127,-82.195931,THURMOND DAM,manual,33.6020605,-82.1822895,high
GPC_12217,Georgia Power,GA,GTC: CENTER PRIMARY - CLARKSBORO 230 KV REBUILD,,,Planned,GTC,212.0,2033-06-01,,230.0,"GA ITS 10-Year Plan (GPC 2025 IRP Vol. 3), TEAMS #12217",189,CENTER PRIMARY,34.0534411,-83.3980855,Center Primary Substation,high,CLARKSBORO,34.0412232,-83.4982174,"Clarksboro, Jackson County, Georgia, United States",low,34.04733215,-83.44815145,low
GPC_20773,Georgia Power,GA,GTC: CLARKSBORO - WINDER PRIMARY 230KV REBUILD,,,Planned,GTC,212.0,2033-06-01,,230.0,"GA ITS 10-Year Plan (GPC 2025 IRP Vol. 3), TEAMS #20773",189,CLARKSBORO,34.0412232,-83.4982174,"Clarksboro, Jackson County, Georgia, United States",low,WINDER PRIMARY,33.9954594,-83.7531307,Winder Primary Substation,high,34.0183413,-83.62567405,low
GPC_12147,Georgia Power,GA,GTC: EAST SOCIAL CIRCLE - SNELLVILLE 230KV EQUIPMENT UPGRADE,,,Planned,GTC,212.0,2033-06-01,,230.0,"GA ITS 10-Year Plan (GPC 2025 IRP Vol. 3), TEAMS #12147",189,EAST SOCIAL CIRCLE,33.6741503,-83.6793256,East Social Circle Substation,medium,SNELLVILLE,33.8388687,-84.0481209,Snellville Substation,high,33.7565095,-83.86372324999999,medium
GPC_21075,Georgia Power,GA,GTC: EAST WALTON - MIDDLE FORK 500KV,,,Planned,GTC,212.0,2033-06-01,,500.0,"GA ITS 10-Year Plan (GPC 2025 IRP Vol. 3), TEAMS #21075",189,EAST WALTON,,,,,MIDDLE FORK,,,,,,,unlocated
GPC_20791,Georgia Power,GA,GTC: SHOAL CREEK - SOUTH HALL 230KV REBUILD,,,Planned,GTC,212.0,2033-06-01,,230.0,"GA ITS 10-Year Plan (GPC 2025 IRP Vol. 3), TEAMS #20791",189,SHOAL CREEK,,,,,SOUTH HALL,34.2186104,-83.802581,South Hall Substation,high,34.2186104,-83.802581,high
GPC_21053,Georgia Power,GA,MCEVER ROAD - SHOAL CREEK 115KV REBUILD PHASE III,,,Planned,GPC,212.0,2033-06-01,,115.0,"GA ITS 10-Year Plan (GPC 2025 IRP Vol. 3), TEAMS #21053",189,MCEVER ROAD,34.2728832,-83.8738012,McEver Road Substation,high,SHOAL CREEK,,,,,34.2728832,-83.8738012,high
GPC_09661,Georgia Power,GA,MCGRAU FORD - MIDDLE FORK 500KV LINE PROJECT,,,Planned,GPC,212.0,2033-06-01,,500.0,"GA ITS 10-Year Plan (GPC 2025 IRP Vol. 3), TEAMS #09661",189,MCGRAU FORD,34.3264526,-84.3370065,McGrau Ford Substation,medium,MIDDLE FORK,,,,,34.3264526,-84.3370065,medium
GPC_20796,Georgia Power,GA,SAV: MELDRIM BANK D REPLACEMENT,,,Planned,SAV,219.0,2033-06-01,,,"GA ITS 10-Year Plan (GPC 2025 IRP Vol. 3), TEAMS #20796",189,MELDRIM,32.1552821,-81.368377,Meldrim Substation,high,,,,,,32.1552821,-81.368377,high
GPC_14222,Georgia Power,GA,THOMSON PRIMARY 230/115KV SECOND TRANSFORMER,,,Planned,GPC,215.0,2033-06-01,,115.0,"GA ITS 10-Year Plan (GPC 2025 IRP Vol. 3), TEAMS #14222",189,THOMSON PRIMARY,33.453955,-82.414219,Thomson Primary Substation,high,,,,,,33.453955,-82.414219,high
GPC_20759,Georgia Power,GA,WINDER PRIMARY 230KV BUS 1-2 PARALLEL BUS-TIE INSTALLATION,,,Planned,GPC,202.0,2033-06-01,,230.0,"GA ITS 10-Year Plan (GPC 2025 IRP Vol. 3), TEAMS #20759",190,WINDER PRIMARY,33.9954594,-83.7531307,Winder Primary Substation,high,,,,,,33.9954594,-83.7531307,high
GPC_10487,Georgia Power,GA,PINE GROVE PRIMARY - WEST VALDOSTA 115 KV RECONDUCTOR,,,Planned,GPC,216.0,2033-12-31,,115.0,"GA ITS 10-Year Plan (GPC 2025 IRP Vol. 3), TEAMS #10487",190,PINE GROVE PRIMARY,30.8816485,-83.2279869,Pine Grove Primary Substation,high,WEST VALDOSTA,30.8157571,-83.3148748,"West Valdosta, Valdosta, Lowndes County, Georgia, 31603, Uni",low,30.848702799999998,-83.27143085,low
GPC_18700,Georgia Power,GA,DAWSON CROSSING - GAINESVILLE #1 115 KV,,,Planned,GPC,212.0,2034-06-01,,115.0,"GA ITS 10-Year Plan (GPC 2025 IRP Vol. 3), TEAMS #18700",190,DAWSON CROSSING,34.3781185,-84.1335754,Dawson Crossing Substation,high,GAINESVILLE,34.3402612,-83.8402504,Gainesville Primary Substation (#1),high,34.35918985,-83.9869129,high
GPC_20787,Georgia Power,GA,SAV: LITTLE OGEECHEE 230/115KV BANK REPLACEMENT,,,Planned,SAV,219.0,2034-06-01,,115.0,"GA ITS 10-Year Plan (GPC 2025 IRP Vol. 3), TEAMS #20787",190,LITTLE OGEECHEE,32.0067859,-81.2531513,Little Ogeechee Substation,high,,,,,,32.0067859,-81.2531513,high
GPC_17993,Georgia Power,GA,EVANS PRIMARY - THOMSON PRIMARY 115KV REBUILD,,,Planned,GPC,215.0,2034-12-31,,115.0,"GA ITS 10-Year Plan (GPC 2025 IRP Vol. 3), TEAMS #17993",190,EVANS PRIMARY,33.543994,-82.168648,EVANS PRIMARY,manual,THOMSON PRIMARY,33.453955,-82.414219,Thomson Primary Substation,high,33.4989745,-82.29143350000001,high
