utility,endpoint,zone,lat,lon,note
Dominion Energy South Carolina,STEVENS CREEK,,33.562599,-82.051362,Sperry starter file
Dominion Energy South Carolina,THURMOND,,33.660127,-82.195931,Sperry starter file
Dominion Energy South Carolina,JASPER,,32.35912,-81.1246,Sperry starter file
Dominion Energy South Carolina,OKATIE,,32.333758,-81.032495,Sperry starter file
Dominion Energy South Carolina,QUEENSBORO,,32.722793,-79.967332,Sperry starter file
Dominion Energy South Carolina,BLUFFTON,,32.235027,-80.853384,Sperry starter file
Georgia Power,EVANS PRIMARY,,33.543994,-82.168648,Sperry starter file
Georgia Power,THURMOND DAM,,33.660127,-82.195931,Sperry starter file
Georgia Power,MCINTOSH,,32.352116,-81.175112,Sperry starter file
Georgia Power,GOSHEN,219,32.248701,-81.209472,Sperry starter file (Savannah-area Goshen)
Georgia Power,MITCHELL,,31.447121,-84.133843,Sperry starter file
Georgia Power,NORTH TIFTON,,31.478089,-83.54913,Sperry starter file
Georgia Power,JESUP,,31.603106,-81.924947,Sperry starter file
Georgia Power,LUDOWICI PRIMARY,,31.721597,-81.743703,Sperry starter file
